实体,实体简称,年份,工伤保险参保人数
富联精密电子（郑州）,富联精密/富泰华,2016,23052.0
富联精密电子（郑州）,富联精密/富泰华,2017,25651.0
富联精密电子（郑州）,富联精密/富泰华,2018,23510.0
富联精密电子（郑州）,富联精密/富泰华,2019,14081.0
富联精密电子（郑州）,富联精密/富泰华,2020,13403.0
富联精密电子（郑州）,富联精密/富泰华,2021,11525.0
富联精密电子（郑州）,富联精密/富泰华,2022,11173.0
富联精密电子（郑州）,富联精密/富泰华,2023,11765.0
富联精密电子（郑州）,富联精密/富泰华,2024,10437.0
富联精密电子（郑州）,富联精密/富泰华,2025,8617.0
富联裕展科技（河南）,富联裕展/河南裕展,2016,9000.0
富联裕展科技（河南）,富联裕展/河南裕展,2017,51348.0
富联裕展科技（河南）,富联裕展/河南裕展,2018,35839.0
富联裕展科技（河南）,富联裕展/河南裕展,2019,24001.0
富联裕展科技（河南）,富联裕展/河南裕展,2020,23546.0
富联裕展科技（河南）,富联裕展/河南裕展,2021,19377.0
富联裕展科技（河南）,富联裕展/河南裕展,2022,20240.0
富联裕展科技（河南）,富联裕展/河南裕展,2023,16753.0
富联裕展科技（河南）,富联裕展/河南裕展,2024,13945.0
富联裕展科技（河南）,富联裕展/河南裕展,2025,12784.0
河南富驰科技,河南富驰,2017,79.0
河南富驰科技,河南富驰,2018,72.0
河南富驰科技,河南富驰,2019,78.0
河南富驰科技,河南富驰,2020,1.0
河南富驰科技,河南富驰,2021,10626.0
河南富驰科技,河南富驰,2022,9823.0
河南富驰科技,河南富驰,2023,8688.0
河南富驰科技,河南富驰,2024,7909.0
河南富驰科技,河南富驰,2025,6926.0
鸿富锦精密电子（郑州）,鸿富锦,2016,213182.0
鸿富锦精密电子（郑州）,鸿富锦,2017,154511.0
鸿富锦精密电子（郑州）,鸿富锦,2018,131245.0
鸿富锦精密电子（郑州）,鸿富锦,2019,68240.0
鸿富锦精密电子（郑州）,鸿富锦,2020,65255.0
鸿富锦精密电子（郑州）,鸿富锦,2021,40525.0
鸿富锦精密电子（郑州）,鸿富锦,2022,39463.0
鸿富锦精密电子（郑州）,鸿富锦,2023,39222.0
鸿富锦精密电子（郑州）,鸿富锦,2024,33530.0
鸿富锦精密电子（郑州）,鸿富锦,2025,33498.0
