year,鸿富锦,富联裕展/河南裕展,河南富驰,参保合计,总用工估计,总用工为下限,未参保（推算）,参保占比%,未参保占比%,总用工来源
2016,213182.0,9000.0,0.0,222182.0,,,,,,
2017,154511.0,51348.0,79.0,205938.0,300000.0,True,94062.0,68.6,31.4,CLW 2019（2017-18旺季>30万）
2018,131245.0,35839.0,72.0,167156.0,,,,,,
2019,68240.0,24001.0,78.0,92319.0,150000.0,True,57681.0,61.5,38.5,CLW 2019（2019年8月>15万）
2020,65255.0,23546.0,0.0,88801.0,,,,,,
2021,40525.0,19377.0,10626.0,70528.0,,,,,,
2022,39463.0,20240.0,9823.0,69526.0,,,,,,
2023,39222.0,16753.0,8688.0,64663.0,300000.0,True,235337.0,21.6,78.4,CLW 2023 p.48（旺季超过30万）
2024,33530.0,13945.0,7909.0,55384.0,,,,,,
2025,33498.0,12784.0,6926.0,53208.0,175000.0,False,121792.0,30.4,69.6,CLW 2025（15-20万，取中值）
