年份,n_posts,median_monthly_rmb,p25_monthly_rmb,p75_monthly_rmb,reliable_n_ge_10,plausible_ge_min_wage,reliable
2016,10,8541.666666666666,6250.0,9166.666666666666,True,True,True
2017,220,7000.5,5416.666666666667,8750.0,True,True,True
2018,133,7083.333333333333,5250.0,10833.333333333334,True,True,True
2019,87,7000.0,7000.0,11500.0,True,True,True
2020,52,7000.0,6500.0,8218.75,True,True,True
2021,214,7000.0,1783.9137516481808,10625.0,True,True,True
2022,215,3391.1671924290217,1426.4430849209118,8500.0,True,True,True
2023,28,10125.0,802.0833333333334,12833.333333333334,True,True,True
2024,6,14375.0,5781.25,14375.0,False,True,False
2025,1,5416.666666666667,5416.666666666667,5416.666666666667,False,True,False
2026,61,151.08223224602472,123.15756285962009,183.9885779890784,True,False,False
