group,label,monthly_rmb,x_full_time_worker
"Revelio role (modeled salary, Jun 2025)",Technician,10930.0,2.8
"Revelio role (modeled salary, Jun 2025)",Finance,17845.1,4.5
"Revelio role (modeled salary, Jun 2025)",Healthcare Provider,17965.1,4.6
"Revelio role (modeled salary, Jun 2025)",Sales and Marketing,18335.5,4.7
"Revelio role (modeled salary, Jun 2025)",Service Worker,19009.0,4.8
"Revelio role (modeled salary, Jun 2025)",Engineer,19707.8,5.0
"Revelio role (modeled salary, Jun 2025)",Software Engineer,19896.8,5.1
"Revelio role (modeled salary, Jun 2025)",Project and IT Specialist,20320.7,5.2
"Revelio role (modeled salary, Jun 2025)",Public Service and Education,22329.0,5.7
"Revelio role (modeled salary, Jun 2025)",Operations,23391.1,5.9
"Revelio role (modeled salary, Jun 2025)",Unknown role,36043.1,9.2
"Line worker (CLW 2025, peak month)",Full-time line worker (insured),3932.7,1.0
"Line worker (CLW 2025, peak month)","Dispatch, hourly type",6520.0,1.7
"Line worker (CLW 2025, peak month)","Dispatch, rebate type",7199.3,1.8
