日期,标题,low,high,mid,链接,quote,worker_type,basis,小时工_最低时薪,小时工_最高时薪
2021-03-27 00:00:00,郑州富士康2021年4月正式工继续招聘，高额返费待遇优厚，在线快速报名,4000.0,4500.0,4250.0,https://www.fskzpw.com/cms/show-2173.html,龄18-40岁，待遇底薪1900+200入职奖励，综合工资4000-4500，有五险一金。返费分,Full-time insured line worker,posted 综合工资 (base + overtime),,
2022-02-18 00:00:00,郑州富士康招募接近尾声，明天高价最后一天，能来的工友抓紧时间报名吧！,4500.0,4500.0,4500.0,https://www.fskzpw.com/cms/show-2196.html,待遇：1、第一个月底薪2000元+200入职奖金。综合工资4500左右。2、第二个月始,Full-time insured line worker,posted 综合工资 (base + overtime),,
2023-03-08 00:00:00,郑州富士康港区富士康本周五（3月10日）开招，返费5400，名额有限，需要提前在线报名，请工友把握机会,4500.0,4500.0,4500.0,https://www.fskzpw.com/cms/show-2290.html,友把握机会 薪资待遇:1、第一个月底薪2000元。综合工资4500左右2、第二个月始底,Full-time insured line worker,posted 综合工资 (base + overtime),,
2024-02-12 00:00:00,郑州富士康2024年第一弹：正月初四开招，旺季激励奖金：高至8000元,4500.0,5000.0,4750.0,https://www.fskzpw.com/cms/show-2407.html,200（周一到周五每天8小时工资+200补贴） 。综合工资4500-5000（具体要看加班多少）,Full-time insured line worker,posted 综合工资 (base + overtime),,
2025-2026 (standing FAQ),FAQ template appended to 2025-26 posts,4500.0,4500.0,4500.0,e.g. https://www.fskzpw.com/cms/show-2677.html,同工同酬就是和富士康正式工工作一样，工资标准一样工资标准如下：底薪2350元，加班另算，综合工资4500左右,Full-time insured line worker,posted 综合工资 (base + overtime),,
2021-07-28 00:00:00,郑州富士康8月招聘，能来的工友尽快了，持续降价，三个月返费8500元,6630.0,6630.0,6630.0,https://www.fskzpw.com/cms/show-2183.html,,"Dispatch, hourly type",posted hourly rate x 260 h,25.5,25.5
2022-03-06 00:00:00,郑州富士康最新招募：小时工：20.5元/小时，正式工返费8500元,5330.0,5330.0,5330.0,https://www.fskzpw.com/cms/show-2197.html,,"Dispatch, hourly type",posted hourly rate x 260 h,20.5,20.5
2022-11-07 00:00:00,郑州富士康启动招工，小时工价30元/时，只招省内，河南省外停止招工，可以提前报名,7800.0,7800.0,7800.0,https://www.fskzpw.com/cms/show-2248.html,,"Dispatch, hourly type",posted hourly rate x 260 h,30.0,30.0
2022-11-12 00:00:00,郑州富士康启动招工，火热开招，小时工价30元每小时,7800.0,7800.0,7800.0,https://www.fskzpw.com/cms/show-2249.html,,"Dispatch, hourly type",posted hourly rate x 260 h,30.0,30.0
2023-05-28 00:00:00,郑州富士康5月29号开始，奖金加码3500元，小时工22元/小时，提前报名锁定名额,5720.0,5720.0,5720.0,https://www.fskzpw.com/cms/show-2373.html,,"Dispatch, hourly type",posted hourly rate x 260 h,22.0,22.0
2023-06-22 00:00:00,郑州富士康两大厂区，端午节后继续招聘，小时工、返费工、短期学生工持续招聘中,5590.0,5720.0,5655.0,https://www.fskzpw.com/cms/show-2374.html,,"Dispatch, hourly type",posted hourly rate x 260 h,21.5,22.0
2024-07-31 00:00:00,今天价格又涨了300元，小时工最高26元每小时，郑州富士康最新招聘信息今天,6760.0,6760.0,6760.0,https://www.fskzpw.com/cms/show-2425.html,,"Dispatch, hourly type",posted hourly rate x 260 h,26.0,26.0
2024-08-03 00:00:00,"明天又涨价了，直招补贴8000元，小时工26元,郑州富士康最新招聘信息今天",6760.0,6760.0,6760.0,https://www.fskzpw.com/cms/show-2426.html,,"Dispatch, hourly type",posted hourly rate x 260 h,26.0,26.0
2024-08-07 00:00:00,突发！学生也可以进了，暑假还可以干20天，郑州富士康招聘按天结算,6760.0,6760.0,6760.0,https://www.fskzpw.com/cms/show-2427.html,,"Dispatch, hourly type",posted hourly rate x 260 h,26.0,26.0
2024-12-21 00:00:00,大利好！郑州富士康大幅上调返费高达6300元，小时工最高达25元每小时,6500.0,6500.0,6500.0,https://www.fskzpw.com/cms/show-2487.html,,"Dispatch, hourly type",posted hourly rate x 260 h,25.0,25.0
2024-12-25 00:00:00,2025年前郑州富士康招聘又涨价了，6500元，小时工26元每小时,6760.0,6760.0,6760.0,https://www.fskzpw.com/cms/show-2490.html,,"Dispatch, hourly type",posted hourly rate x 260 h,26.0,26.0
2024-12-26 00:00:00,2025年前郑州富士康奖金暴涨，小时工加码，离职费用结清，拿钱回家过年,6760.0,6760.0,6760.0,https://www.fskzpw.com/cms/show-2521.html,,"Dispatch, hourly type",posted hourly rate x 260 h,26.0,26.0
2025-01-01 00:00:00,2025年郑州富士康招聘高返费倒计时3天！最后一波高价格，把握住机会。,6500.0,6500.0,6500.0,https://www.fskzpw.com/cms/show-2525.html,,"Dispatch, hourly type",posted hourly rate x 260 h,25.0,25.0
2025-01-01 00:00:00,倒计时4天！郑州富士康招聘高返费已达顶峰，2025年元旦继续招聘，好机会,6110.0,6500.0,6305.0,https://www.fskzpw.com/cms/show-2524.html,,"Dispatch, hourly type",posted hourly rate x 260 h,23.5,25.0
2025-01-02 00:00:00,2025年郑州富士康最新招聘信息：高返费倒计时2天！能来的赶紧来，莫等闲,6500.0,6500.0,6500.0,https://www.fskzpw.com/cms/show-2526.html,,"Dispatch, hourly type",posted hourly rate x 260 h,25.0,25.0
2025-01-03 00:00:00,2025年前郑州富士康最后一波高价仅剩最后几天！,6500.0,6500.0,6500.0,https://www.fskzpw.com/cms/show-2527.html,,"Dispatch, hourly type",posted hourly rate x 260 h,25.0,25.0
2025-01-04 00:00:00,突发！限时政策8700元，2025年郑州富士康最新招聘信息：2025年最高价仅剩最后几天！招满即停,6760.0,6760.0,6760.0,https://www.fskzpw.com/cms/show-2528.html,,"Dispatch, hourly type",posted hourly rate x 260 h,26.0,26.0
2025-01-07 00:00:00,今天仍然维持高价8700元，2025年郑州富士康最新招聘政策，2025年最高价招满即停！,6760.0,6760.0,6760.0,https://www.fskzpw.com/cms/show-2529.html,,"Dispatch, hourly type",posted hourly rate x 260 h,26.0,26.0
2025-01-08 00:00:00,8号寒假工重磅来袭，额外补贴800元，2025年郑州富士康寒假工最新招募政策，返费工、小时工继续高价8700元,6370.0,6760.0,6565.0,https://www.fskzpw.com/cms/show-2530.html,,"Dispatch, hourly type",posted hourly rate x 260 h,24.5,26.0
2025-01-09 00:00:00,紧急！寒假工赶紧入职！河南高校放假，放假人数310万，受此影响，市场价格即将下调,6370.0,6760.0,6565.0,https://www.fskzpw.com/cms/show-2531.html,,"Dispatch, hourly type",posted hourly rate x 260 h,24.5,26.0
2025-01-11 00:00:00,寒假工补贴大涨价2400元！2025年郑州富士康寒假工补贴突然暴涨，工友们不要再等了，跟上节奏,6370.0,6760.0,6565.0,https://www.fskzpw.com/cms/show-2533.html,,"Dispatch, hourly type",posted hourly rate x 260 h,24.5,26.0
2025-01-13 00:00:00,2025年郑州富士康最新招聘信息：寒假工补贴暴涨2400元，工友们能入职的尽快报名,6370.0,6760.0,6565.0,https://www.fskzpw.com/cms/show-2534.html,,"Dispatch, hourly type",posted hourly rate x 260 h,24.5,26.0
2025-01-16 00:00:00,2025年郑州富士康招聘寒假工、学生工，价格暴涨，能入职的赶紧报名，年前最后机会,6370.0,6760.0,6565.0,https://www.fskzpw.com/cms/show-2532.html,,"Dispatch, hourly type",posted hourly rate x 260 h,24.5,26.0
2025-01-16 00:00:00,寒假工爆涨2400元！年龄放宽到50岁，郑州富士康寒假短期工大涨价补贴2400元！快来薅羊毛，就几天时间,6370.0,6760.0,6565.0,https://www.fskzpw.com/cms/show-2537.html,,"Dispatch, hourly type",posted hourly rate x 260 h,24.5,26.0
2025-01-18 00:00:00,郑州富士康招聘短期工、寒假工、返费工、小时工最新政策，寒假工补贴1800元，返费工高达8000元,6370.0,6760.0,6565.0,https://www.fskzpw.com/cms/show-2541.html,,"Dispatch, hourly type",posted hourly rate x 260 h,24.5,26.0
2025-01-31 00:00:00,"2025年郑州富士康春节最新招募政策： 返费工直招补贴7800元,小时工最高26元/小时",6760.0,6760.0,6760.0,https://www.fskzpw.com/cms/show-2546.html,,"Dispatch, hourly type",posted hourly rate x 260 h,26.0,26.0
2025-02-06 00:00:00,火热招聘中！2025年郑州航空港区富士康最新招聘招募信息，7号继续招聘，高价返费工小时工，联系客服可以快速入职,6110.0,6500.0,6305.0,https://www.fskzpw.com/cms/show-2548.html,,"Dispatch, hourly type",posted hourly rate x 260 h,23.5,25.0
2025-02-08 00:00:00,降价来袭！2025年郑州富士康最新招聘信息，请近期打算进厂的赶紧报名，别错过高价时机,6110.0,6500.0,6305.0,https://www.fskzpw.com/cms/show-2549.html,,"Dispatch, hourly type",posted hourly rate x 260 h,23.5,25.0
2025-02-10 00:00:00,10号返费价格发布！2025年郑州富士康最新招聘招募信息，目前就是高价机会，能来的小伙伴赶紧报名了,6110.0,6500.0,6305.0,https://www.fskzpw.com/cms/show-2550.html,,"Dispatch, hourly type",posted hourly rate x 260 h,23.5,25.0
2025-02-11 00:00:00,11号价格发布……2025年郑州富士康最新招聘信息，郑州富士康返费工小时工,6110.0,6500.0,6305.0,https://www.fskzpw.com/cms/show-2551.html,,"Dispatch, hourly type",posted hourly rate x 260 h,23.5,25.0
2025-02-12 00:00:00,明天13号开始降价，2025年郑州富士康最新招聘信息，能来的小伙伴赶紧报名,6110.0,6500.0,6305.0,https://www.fskzpw.com/cms/show-2552.html,,"Dispatch, hourly type",posted hourly rate x 260 h,23.5,25.0
2025-02-13 00:00:00,13号返费价格发布……2025年郑州富士康最新招聘信息，郑州富士康返费工小时工,6110.0,6500.0,6305.0,https://www.fskzpw.com/cms/show-2554.html,,"Dispatch, hourly type",posted hourly rate x 260 h,23.5,25.0
2025-02-14 00:00:00,14号返费价格更新发布……2025年郑州富士康最新招聘信息，有高价返费工、小时工，价格持续调整中,6110.0,6500.0,6305.0,https://www.fskzpw.com/cms/show-2555.html,,"Dispatch, hourly type",posted hourly rate x 260 h,23.5,25.0
2025-02-16 00:00:00,16号开始价格调整……2025年郑州富士康最新招聘招募信息，价格持续下调，名额限制，想入职的抓紧机会,5720.0,6500.0,6110.0,https://www.fskzpw.com/cms/show-2561.html,,"Dispatch, hourly type",posted hourly rate x 260 h,22.0,25.0
2025-02-19 00:00:00,19号郑州富士康招聘招募信息返费价格发布……计划入职的小伙伴，抓紧时间报名，名额有限,5460.0,6240.0,5850.0,https://www.fskzpw.com/cms/show-2563.html,,"Dispatch, hourly type",posted hourly rate x 260 h,21.0,24.0
2025-03-23 00:00:00,24号上调价格，郑州富士康招工最新招聘信息，名额有限，请提前线上报名面试，锁定名额,4420.0,5200.0,4810.0,https://www.fskzpw.com/cms/show-2570.html,,"Dispatch, hourly type",posted hourly rate x 260 h,17.0,20.0
2025-04-25 00:00:00,紧急通知！郑州富士康下周招募开启……请大家提前报名，锁定名额，收藏本站，或者关注公众号，会第一时间收到招聘信息,4420.0,5200.0,4810.0,https://www.fskzpw.com/cms/show-2571.html,,"Dispatch, hourly type",posted hourly rate x 260 h,17.0,20.0
2025-04-26 00:00:00,开始了！郑州富士康招工最新招聘信息，提前报名锁定名额，想进富士康的机会来了，高价格返费工小时工,4420.0,5200.0,4810.0,https://www.fskzpw.com/cms/show-2572.html,,"Dispatch, hourly type",posted hourly rate x 260 h,17.0,20.0
2025-05-03 00:00:00,假期不停！5月4号郑州富士康招工最新招聘信息，提前报名锁定名额，高价格返费工小时工,4420.0,5200.0,4810.0,https://www.fskzpw.com/cms/show-2574.html,,"Dispatch, hourly type",posted hourly rate x 260 h,17.0,20.0
2025-05-15 00:00:00,重磅！贸易战获胜，郑州富士康返费大涨，5月16号开始，你提前报名了吗？,4420.0,5200.0,4810.0,https://www.fskzpw.com/cms/show-2575.html,,"Dispatch, hourly type",posted hourly rate x 260 h,17.0,20.0
2025-05-16 00:00:00,5月17号周六不休息，郑州富士康普工招聘招募返费工、小时工、政策发布，继续高价招工,4420.0,5200.0,4810.0,https://www.fskzpw.com/cms/show-2576.html,,"Dispatch, hourly type",posted hourly rate x 260 h,17.0,20.0
2025-05-19 00:00:00,5月19号最新政策发布，郑州富士康最新普工招聘招募返费工、小时工，继续高价招工,4420.0,5200.0,4810.0,https://www.fskzpw.com/cms/show-2577.html,,"Dispatch, hourly type",posted hourly rate x 260 h,17.0,20.0
2025-06-02 00:00:00,大涨价！5月22号最新政策发布，郑州富士康最新普工招聘招募返费工、小时工，继续高价招工,4940.0,5720.0,5330.0,https://www.fskzpw.com/cms/show-2578.html,,"Dispatch, hourly type",posted hourly rate x 260 h,19.0,22.0
2025-06-02 00:00:00,5月27号最新政策发布，郑州富士康最新普工招聘招募返费工、小时工，富士康招募中心郑州港区富士康继续高价招工,4940.0,5720.0,5330.0,https://www.fskzpw.com/cms/show-2579.html,,"Dispatch, hourly type",posted hourly rate x 260 h,19.0,22.0
2025-06-02 00:00:00,"5月30号,短期工开招！最新政策发布，郑州富士康最新普工招聘招募返费工、小时工，富士康招募中心郑州港区富士康继续高价招工",4940.0,5720.0,5330.0,https://www.fskzpw.com/cms/show-2580.html,,"Dispatch, hourly type",posted hourly rate x 260 h,19.0,22.0
2025-06-02 00:00:00,"端午节不休息！6月1号,短期工继续大招！郑州富士康最新普工招聘招募返费工、小时工，富士康招募中心郑州港区富士康继续高价招工",4940.0,5720.0,5330.0,https://www.fskzpw.com/cms/show-2581.html,,"Dispatch, hourly type",posted hourly rate x 260 h,19.0,22.0
2025-06-05 00:00:00,"6月5号,返费工继续招募！不过需要提前报名抢名额，郑州富士康最新普工招聘招募返费工、小时工，富士康招募中心郑州港区富士康继续高价招工",4940.0,5720.0,5330.0,https://www.fskzpw.com/cms/show-2583.html,,"Dispatch, hourly type",posted hourly rate x 260 h,19.0,22.0
2025-06-09 00:00:00,"6月9号,返费工小时工继续招募！暑假工返费工小时工，不过需要提前报名抢名额，郑州富士康最新普工招聘招募返费工、小时工，富士康招募中心郑州港区富士康继续高价招工",4940.0,5720.0,5330.0,https://www.fskzpw.com/cms/show-2584.html,,"Dispatch, hourly type",posted hourly rate x 260 h,19.0,22.0
2025-06-14 00:00:00,"6月15号,暑假工返费工小时工，能来的赶紧联系客服，政策随时变化，郑州富士康最新普工招聘招募返费工、小时工，富士康招募中心郑州港区富士康",4940.0,5720.0,5330.0,https://www.fskzpw.com/cms/show-2586.html,,"Dispatch, hourly type",posted hourly rate x 260 h,19.0,22.0
2025-06-24 00:00:00,"6月24号最新,郑州富士康招聘招募学生工暑假工短期工，需要提前报名抢名额,报名联系客服",4940.0,5720.0,5330.0,https://www.fskzpw.com/cms/show-2589.html,,"Dispatch, hourly type",posted hourly rate x 260 h,19.0,22.0
2025-07-02 00:00:00,"7月3号最新,郑州富士康招聘招募暑假工短期工返费工，需要提前报名抢名额,报名联系客服",4940.0,5720.0,5330.0,https://www.fskzpw.com/cms/show-2590.html,,"Dispatch, hourly type",posted hourly rate x 260 h,19.0,22.0
2025-07-05 00:00:00,"6月10号,暑假工返费工小时工，能来的赶紧联系客服，郑州富士康最新普工招聘招募返费工、小时工，富士康招募中心郑州港区富士康",4940.0,5720.0,5330.0,https://www.fskzpw.com/cms/show-2585.html,,"Dispatch, hourly type",posted hourly rate x 260 h,19.0,22.0
2025-07-05 00:00:00,"7月6号最新,郑州富士康招聘招募暑假工短期工返费工，需要提前报名抢名额,报名联系客服",4940.0,5720.0,5330.0,https://www.fskzpw.com/cms/show-2591.html,,"Dispatch, hourly type",posted hourly rate x 260 h,19.0,22.0
2025-07-05 00:00:00,"6月3号,暑假工返费工小时工继续大招！郑州富士康最新普工招聘招募返费工、小时工，富士康招募中心郑州港区富士康继续高价招工",4940.0,5720.0,5330.0,https://www.fskzpw.com/cms/show-2582.html,,"Dispatch, hourly type",posted hourly rate x 260 h,19.0,22.0
2025-07-05 00:00:00,"6月23号,暑假工返费工小时工郑州富士康招募，需要提前报名抢名额！郑州富士康最新普工招聘招募返费工、小时工",4940.0,5720.0,5330.0,https://www.fskzpw.com/cms/show-2588.html,,"Dispatch, hourly type",posted hourly rate x 260 h,19.0,22.0
2025-07-05 00:00:00,"6月18号,暑假工返费工小时工，能来的赶紧联系客服，政策随时变化，郑州富士康最新普工招聘招募，富士康招募中心郑州港区富士康",4940.0,5720.0,5330.0,https://www.fskzpw.com/cms/show-2587.html,,"Dispatch, hourly type",posted hourly rate x 260 h,19.0,22.0
2025-07-11 00:00:00,"7月12号最新,郑州富士康招聘招募暑假工短期工返费工，需要提前报名抢名额,报名联系客服",4940.0,5720.0,5330.0,https://www.fskzpw.com/cms/show-2592.html,,"Dispatch, hourly type",posted hourly rate x 260 h,19.0,22.0
2025-07-12 00:00:00,暴涨1000元，返费总计高达5800元，郑州富士康最新招募信息返费工小时工暑假工，名额紧缺，想入职的赶紧联系客服提前预约,5200.0,5980.0,5590.0,https://www.fskzpw.com/cms/show-2593.html,,"Dispatch, hourly type",posted hourly rate x 260 h,20.0,23.0
2025-07-14 00:00:00,7月14号补贴暴涨，小时工高价开招！郑州富士康最新暑假工返费工小时工，紧张报名中……名额非常紧缺，务必提前报名，联系客服协助抢名额！,5200.0,5980.0,5590.0,https://www.fskzpw.com/cms/show-2594.html,,"Dispatch, hourly type",posted hourly rate x 260 h,20.0,23.0
2025-07-20 00:00:00,暴涨利好！返费又涨了1500元，总计高达7300元，小时工高达25元/小时，郑州富士康最新招聘信息返费工小时工暑假工，历史高价，机会难得,6500.0,6500.0,6500.0,https://www.fskzpw.com/cms/show-2595.html,,"Dispatch, hourly type",posted hourly rate x 260 h,25.0,25.0
2025-07-22 00:00:00,7月22号，返费薪资叕暴涨1500元！总计高达7300元，小时工涨至25元/小时，暑假工返费工小时工开招，补贴暴涨！暑假工返费工小时工，紧张报名中……,6500.0,6500.0,6500.0,https://www.fskzpw.com/cms/show-2596.html,,"Dispatch, hourly type",posted hourly rate x 260 h,25.0,25.0
2025-07-22 00:00:00,7月23号开始，26年毕业的大学生可以实习进厂了，返费高达7300元，小时工25元/小时，郑州富士康最新招聘招募信息暑假工招募，机会难得,6500.0,6500.0,6500.0,https://www.fskzpw.com/cms/show-2597.html,,"Dispatch, hourly type",posted hourly rate x 260 h,25.0,25.0
2025-08-02 00:00:00,"暴涨！8月3号开始返费9300元,不查学籍，都可以报名入职、，郑州富士康最新招聘信息返费工小时工",7020.0,7020.0,7020.0,https://www.fskzpw.com/cms/show-2598.html,,"Dispatch, hourly type",posted hourly rate x 260 h,27.0,27.0
2025-08-05 00:00:00,8月6号开始降价！9100元，郑州富士康最新招聘招募信息政策，能来的工友抓紧报名，找客服面试,5980.0,7020.0,6500.0,https://www.fskzpw.com/cms/show-2600.html,,"Dispatch, hourly type",posted hourly rate x 260 h,23.0,27.0
2025-08-05 00:00:00,"8月5号继续高价！9100元,学籍有变化，限时历史最高价，学籍规则有变化，郑州富士康最新招聘招募信息政策",5980.0,7020.0,6500.0,https://www.fskzpw.com/cms/show-2599.html,,"Dispatch, hourly type",posted hourly rate x 260 h,23.0,27.0
2025-08-07 00:00:00,8月7号继续高价！9100元，政策随时会降，郑州富士康最新招聘招募信息政策，能来的工友抓紧报名，找客服面试,5980.0,7020.0,6500.0,https://www.fskzpw.com/cms/show-2601.html,,"Dispatch, hourly type",posted hourly rate x 260 h,23.0,27.0
2025-08-08 00:00:00,8月8号高价倒计时2天！9100元，年前最后机会，郑州富士康最新招聘招募信息政策，能来的工友抓紧报名，找客服面试,5980.0,7020.0,6500.0,https://www.fskzpw.com/cms/show-2602.html,,"Dispatch, hourly type",posted hourly rate x 260 h,23.0,27.0
2025-08-11 00:00:00,8月12号开始学生不查学籍！学生工都可以进厂，返费高达9000元，年前最后机会，郑州富士康最新招聘招募信息政策,5980.0,7020.0,6500.0,https://www.fskzpw.com/cms/show-2603.html,,"Dispatch, hourly type",posted hourly rate x 260 h,23.0,27.0
2025-08-13 00:00:00,8月13号还是高返费9000元，年前最后机会，郑州富士康最新招聘招募信息政策，周四价格下调,5980.0,7020.0,6500.0,https://www.fskzpw.com/cms/show-2604.html,,"Dispatch, hourly type",posted hourly rate x 260 h,23.0,27.0
2025-08-15 00:00:00,历史最高价，返费高达9600元，小时工28元/小时+1100！2025年郑州富士康招工最新招聘信息，富士康招募中心，郑州富士康招聘官网薪资待遇最新发布,7280.0,7280.0,7280.0,https://www.fskzpw.com/cms/show-2606.html,,"Dispatch, hourly type",posted hourly rate x 260 h,28.0,28.0
2025-08-16 00:00:00,8月17号返费9300元，小时工28元/小时+800元，郑州富士康招工最新招聘2025年,7280.0,7280.0,7280.0,https://www.fskzpw.com/cms/show-2610.html,,"Dispatch, hourly type",posted hourly rate x 260 h,28.0,28.0
2025-08-18 00:00:00,8月18号继续高价返费9300元，小时工28元/小时+800元，郑州富士康招工最新招聘2025年,7280.0,7280.0,7280.0,https://www.fskzpw.com/cms/show-2611.html,,"Dispatch, hourly type",posted hourly rate x 260 h,28.0,28.0
2025-08-21 00:00:00,"8月21号高价返费9100元，小时工28元/小时+600元，郑州富士康招工最新招聘2025年,河南郑州富士康最新招募政策",7280.0,7280.0,7280.0,https://www.fskzpw.com/cms/show-2612.html,,"Dispatch, hourly type",posted hourly rate x 260 h,28.0,28.0
2025-08-24 00:00:00,"高峰即将结束，7天降价倒计时，8月25号高价返费9100元，小时工28元/小时+600元，郑州富士康招工最新招聘2025年,河南郑州富士康最新招募政策",7280.0,7280.0,7280.0,https://www.fskzpw.com/cms/show-2616.html,,"Dispatch, hourly type",posted hourly rate x 260 h,28.0,28.0
2025-08-24 00:00:00,"高峰即将结束，降价倒计时，8月24号高价返费9100元，小时工28元/小时+600元，郑州富士康招工最新招聘2025年,河南郑州富士康最新招募政策",7280.0,7280.0,7280.0,https://www.fskzpw.com/cms/show-2613.html,,"Dispatch, hourly type",posted hourly rate x 260 h,28.0,28.0
2025-08-28 00:00:00,"8月28号高价返费8600元，小时工28元/小时+100元，郑州富士康招工最新招聘2025年,河南郑州富士康最新招募政策",7280.0,7280.0,7280.0,https://www.fskzpw.com/cms/show-2618.html,,"Dispatch, hourly type",posted hourly rate x 260 h,28.0,28.0
2025-09-01 00:00:00,"9月1号高价返费7300元，小时工26元，郑州富士康招工最新招聘2025年,河南郑州富士康最新招募政策",6760.0,6760.0,6760.0,https://www.fskzpw.com/cms/show-2619.html,,"Dispatch, hourly type",posted hourly rate x 260 h,26.0,26.0
2025-09-08 00:00:00,"9月9号高价返费9100元，小时工27元+限时补贴600元，河南郑州富士康招工最新招聘2025年,河南郑州富士康最新招募信息",7020.0,7020.0,7020.0,https://www.fskzpw.com/cms/show-2620.html,,"Dispatch, hourly type",posted hourly rate x 260 h,27.0,27.0
2025-09-11 00:00:00,"9月11号高价返费8800元，小时工27元+限时补贴300元，河南郑州富士康招工最新招聘2025年,河南郑州富士康最新招募信息",7020.0,7020.0,7020.0,https://www.fskzpw.com/cms/show-2621.html,,"Dispatch, hourly type",posted hourly rate x 260 h,27.0,27.0
2025-09-13 00:00:00,9月13日，河南郑州富士康官网返费高达8800元，小时工27元/小时+300！郑州富士康招工最新招聘2025年，郑州富士康招聘网官网在线招聘,7020.0,7020.0,7020.0,https://www.fskzpw.com/cms/show-2622.html,,"Dispatch, hourly type",posted hourly rate x 260 h,27.0,27.0
2025-09-16 00:00:00,9月16日，河南郑州富士康官网返费高达8800元，小时工27元/小时+300！郑州富士康招工最新招聘2025年，郑州富士康招聘网官网在线招聘,7020.0,7020.0,7020.0,https://www.fskzpw.com/cms/show-2623.html,,"Dispatch, hourly type",posted hourly rate x 260 h,27.0,27.0
2025-09-16 00:00:00,9月17日，河南郑州富士康官网返费高达8800元，小时工27元/小时+300！郑州富士康招工最新招聘2025年，郑州富士康招聘网官网在线招聘,7020.0,7020.0,7020.0,https://www.fskzpw.com/cms/show-2624.html,,"Dispatch, hourly type",posted hourly rate x 260 h,27.0,27.0
2025-09-20 00:00:00,9月20日，河南郑州富士康官网返费高达8800元，郑州富士康招工最新招聘2025年，郑州富士康招聘网官网在线招聘,7020.0,7020.0,7020.0,https://www.fskzpw.com/cms/show-2625.html,,"Dispatch, hourly type",posted hourly rate x 260 h,27.0,27.0
2025-09-23 00:00:00,突发！郑州富士康9月23日提高返费9300元，小时工27+800，2026年前最高返费，郑州富士康招工最新招聘2025年，郑州富士康招聘网官网在线招聘,7020.0,7020.0,7020.0,https://www.fskzpw.com/cms/show-2626.html,,"Dispatch, hourly type",posted hourly rate x 260 h,27.0,27.0
2025-09-24 00:00:00,继续高价！郑州富士康9月25日提高返费9300元，小时工27+800，2026年前最高返费，郑州富士康招工最新招聘2025年，郑州富士康招聘网官网在线招聘,7020.0,7020.0,7020.0,https://www.fskzpw.com/cms/show-2627.html,,"Dispatch, hourly type",posted hourly rate x 260 h,27.0,27.0
2025-09-26 00:00:00,降价倒计时2天！郑州富士康9月26返费9300元，小时工27+800，2026年前最高返费，郑州富士康招工最新招聘2025年，郑州富士康招聘网官网在线招聘,7020.0,7020.0,7020.0,https://www.fskzpw.com/cms/show-2628.html,,"Dispatch, hourly type",posted hourly rate x 260 h,27.0,27.0
2025-09-27 00:00:00,郑州富士康国庆节仲秋节放假9月28号-10月4号不面试进厂，可以线上报名预约，郑州富士康招工最新招聘2025年，郑州富士康招聘网官网在线招聘,7020.0,7020.0,7020.0,https://www.fskzpw.com/cms/show-2629.html,,"Dispatch, hourly type",posted hourly rate x 260 h,27.0,27.0
2025-10-04 00:00:00,郑州富士康国庆节仲秋节5号开启招募，可以线上报名预约，郑州富士康招工最新招聘2025年，郑州富士康招聘网官网在线招聘,7020.0,7020.0,7020.0,https://www.fskzpw.com/cms/show-2631.html,,"Dispatch, hourly type",posted hourly rate x 260 h,27.0,27.0
2025-10-11 00:00:00,10月13号，最新招聘信息发布，可以线上报名预约，郑州富士康招工最新招聘2025年，郑州富士康招聘网官网在线招聘,6500.0,6500.0,6500.0,https://www.fskzpw.com/cms/show-2632.html,,"Dispatch, hourly type",posted hourly rate x 260 h,25.0,25.0
2025-10-23 00:00:00,10月23号，郑州富士康最新招聘信息发布，免体检，面试合格直接进厂,6500.0,6500.0,6500.0,https://www.fskzpw.com/cms/show-2633.html,,"Dispatch, hourly type",posted hourly rate x 260 h,25.0,25.0
2025-10-25 00:00:00,好消息！郑州富士康10月26号提高入职奖励金一周，高达7500元，小时工26元/小时！春节前即可拿到入职奖励金,6760.0,6760.0,6760.0,https://www.fskzpw.com/cms/show-2634.html,,"Dispatch, hourly type",posted hourly rate x 260 h,26.0,26.0
2025-10-26 00:00:00,10月27号提高入职奖励金，高达7500元，小时工26元/小时！春节前即可拿到入职奖励金，郑州富士康招聘网官网在线招聘,6760.0,6760.0,6760.0,https://www.fskzpw.com/cms/show-2635.html,,"Dispatch, hourly type",posted hourly rate x 260 h,26.0,26.0
2025-10-27 00:00:00,10月28号提高入职奖励金（限时补贴），高达8300元，小时工27元+800！春节前即可拿到入职奖励金，郑州富士康招聘网官网在线招聘,7020.0,7020.0,7020.0,https://www.fskzpw.com/cms/show-2636.html,,"Dispatch, hourly type",posted hourly rate x 260 h,27.0,27.0
2025-11-01 00:00:00,11月1号入职奖励金，高达7500元，小时工27元！春节前即可拿到入职奖励金，郑州富士康招聘网官网在线招聘,7020.0,7020.0,7020.0,https://www.fskzpw.com/cms/show-2637.html,,"Dispatch, hourly type",posted hourly rate x 260 h,27.0,27.0
2025-11-03 00:00:00,11月3号入职奖励金，高达6300元，小时工25元！春节前即可拿到入职奖励金，郑州富士康招聘网官网在线招聘,6500.0,6500.0,6500.0,https://www.fskzpw.com/cms/show-2638.html,,"Dispatch, hourly type",posted hourly rate x 260 h,25.0,25.0
2025-11-09 00:00:00,11月9号提高入职奖励金，高达6800元，小时工26元/H+300！春节前即可拿到入职奖励金，郑州富士康招聘网官网在线招聘,6760.0,6760.0,6760.0,https://www.fskzpw.com/cms/show-2639.html,,"Dispatch, hourly type",posted hourly rate x 260 h,26.0,26.0
2025-11-15 00:00:00,史上最贵寒假工，郑州富士康短期寒假工继续高价补贴7800元，一个月收入近7000元，年龄放宽到50周岁,6370.0,6760.0,6565.0,https://www.fskzpw.com/cms/show-2540.html,,"Dispatch, hourly type",posted hourly rate x 260 h,24.5,26.0
2026-01-27 00:00:00,今日工价发布！2026年短期工学生工寒假工，（返费工）一次性稳岗奖金高达6800元，（小时工）同工同酬+分期稳岗奖金26元/H+1200元（实时更新）,6760.0,6760.0,6760.0,https://www.fskzpw.com/cms/show-2405.html,,"Dispatch, hourly type",posted hourly rate x 260 h,26.0,26.0
2026-01-31 00:00:00,2026年郑州富士康招聘工资薪资待遇,7020.0,7020.0,7020.0,https://www.fskzpw.com/cms/show-1858.html,,"Dispatch, hourly type",posted hourly rate x 260 h,27.0,27.0
2026-01-31 00:00:00,年前工资暴涨！郑州富士康短期工、返费工8800小时工28/H+1300最后一波,7280.0,7280.0,7280.0,https://www.fskzpw.com/cms/show-2646.html,,"Dispatch, hourly type",posted hourly rate x 260 h,28.0,28.0
2026-02-09 00:00:00,2月9号开始，新价格，年前高价返费8700高价小时工，倒时计，还有春节留守奖1000元，错过等一年,7280.0,7280.0,7280.0,https://www.fskzpw.com/cms/show-2650.html,,"Dispatch, hourly type",posted hourly rate x 260 h,28.0,28.0
2026-02-18 00:00:00,2026年正月初三（19号）郑州富士康盛大开启普工招募，返费工、小时工同步招聘，需要抢名额，请务必提前报名，加客服确认,7020.0,7020.0,7020.0,https://www.fskzpw.com/cms/show-2651.html,,"Dispatch, hourly type",posted hourly rate x 260 h,27.0,27.0
2026-02-22 00:00:00,2月22号（正月初六）开始，郑州富士康招聘招募最新政策发布，返费工小时工，继续大量高价招募,7020.0,7020.0,7020.0,https://www.fskzpw.com/cms/show-2652.html,,"Dispatch, hourly type",posted hourly rate x 260 h,27.0,27.0
2026-02-22 00:00:00,2026年郑州富士康招聘招募面试要求、报名方法、以及工资福利待遇（实时更新）,7020.0,7020.0,7020.0,https://www.fskzpw.com/cms/show-1900.html,,"Dispatch, hourly type",posted hourly rate x 260 h,27.0,27.0
2026-02-23 00:00:00,郑州富士康、郑州新郑航空港区富士康、八大街富士康工资待遇，福利项目（实时更新）,6760.0,7020.0,6890.0,https://www.fskzpw.com/cms/show-1369.html,,"Dispatch, hourly type",posted hourly rate x 260 h,26.0,27.0
2026-02-28 00:00:00,3月1号新政策发布，郑州富士康招募名额越来越紧张，返费工小时工的价格不断的在调整，珍惜机会吧,6760.0,6760.0,6760.0,https://www.fskzpw.com/cms/show-2653.html,,"Dispatch, hourly type",posted hourly rate x 260 h,26.0,26.0
2026-03-02 00:00:00,3月3号郑州富士康返费工小时工补贴价格发布，及时关注，提前报名可快速入职,6760.0,6760.0,6760.0,https://www.fskzpw.com/cms/show-2654.html,,"Dispatch, hourly type",posted hourly rate x 260 h,26.0,26.0
2026-03-09 00:00:00,3月9号郑州富士康最新招聘招工信息发布，返费工价格有变化，小时工的价格和原来一样，没有变化,6760.0,6760.0,6760.0,https://www.fskzpw.com/cms/show-2655.html,,"Dispatch, hourly type",posted hourly rate x 260 h,26.0,26.0
2026-03-12 00:00:00,3月13号郑州富士康最新招聘招工信息，新老员工价格不同，吃住、报名流利便捷，详情全解析,6370.0,6370.0,6370.0,https://www.fskzpw.com/cms/show-2656.html,,"Dispatch, hourly type",posted hourly rate x 260 h,24.5,24.5
2026-03-16 00:00:00,3月16号开始，郑州富士康返费工，小时工奖金有调整，名额有限，需要提前报名，联系客服确定,6110.0,6110.0,6110.0,https://www.fskzpw.com/cms/show-2657.html,,"Dispatch, hourly type",posted hourly rate x 260 h,23.5,23.5
2026-03-29 00:00:00,郑州富士康港区招聘暂停，预计很快开招，提前报名，关注公众号加微信客服，开招会第一时间通知,6110.0,6110.0,6110.0,https://www.fskzpw.com/cms/show-2661.html,,"Dispatch, hourly type",posted hourly rate x 260 h,23.5,23.5
2026-05-06 00:00:00,重磅开招！郑州富士康5月6号最新最招聘招募招工信息，返费工价格更新，小时工今天暂停，请随时关注本站信息更新，提前报名速度快,6110.0,6110.0,6110.0,https://www.fskzpw.com/cms/show-2666.html,,"Dispatch, hourly type",posted hourly rate x 260 h,23.5,23.5
2026-05-17 00:00:00,重磅利好！5月18日起郑州富士康招聘小时工实行最长政策周期，工友们可以提前锁定最高价格，返费工继续高价,6890.0,6890.0,6890.0,https://www.fskzpw.com/cms/show-2667.html,,"Dispatch, hourly type",posted hourly rate x 260 h,26.5,26.5
2026-05-18 00:00:00,又涨价了！5月19号开始，郑州富士康小时工，返费工大涨价，实行最长政策周期，工友们可以提前锁定最高价格,7280.0,7280.0,7280.0,https://www.fskzpw.com/cms/show-2668.html,,"Dispatch, hourly type",posted hourly rate x 260 h,28.0,28.0
2026-05-26 00:00:00,郑州富士康5月27号开始新政策，返费工、小时工都有变化，工友要把握机会了,6760.0,6760.0,6760.0,https://www.fskzpw.com/cms/show-2669.html,,"Dispatch, hourly type",posted hourly rate x 260 h,26.0,26.0
2026-07-08 00:00:00,"郑州富士康7月9日起,返费工补贴6100，小时工27元小时,名额紧张，提前报名联系客服",7020.0,7020.0,7020.0,https://www.fskzpw.com/cms/show-2671.html,,"Dispatch, hourly type",posted hourly rate x 260 h,27.0,27.0
2026-07-12 00:00:00,高价开启！7月12号开始，返费工6300元，小时工增加200元补贴，郑州富士康最新招工招募信息，务必提前报名,6760.0,7020.0,6890.0,https://www.fskzpw.com/cms/show-2672.html,,"Dispatch, hourly type",posted hourly rate x 260 h,26.0,27.0
2026-07-20 00:00:00,郑州富士康旺季开启高价招聘返费7500元，小时工最高27元，补贴200元路费,7020.0,7020.0,7020.0,https://www.fskzpw.com/cms/show-2673.html,,"Dispatch, hourly type",posted hourly rate x 260 h,27.0,27.0
2026-07-28 00:00:00,7月28号郑州富士康高价招聘返费7500元，小时工最高28元，补贴200元路费,7280.0,7280.0,7280.0,https://www.fskzpw.com/cms/show-2674.html,,"Dispatch, hourly type",posted hourly rate x 260 h,28.0,28.0
2026-07-31 00:00:00,涨价了！7月31日，7950元返费，小时工28元，650元补贴，就两天时间,7280.0,7280.0,7280.0,https://www.fskzpw.com/cms/show-2675.html,,"Dispatch, hourly type",posted hourly rate x 260 h,28.0,28.0
2026-08-02 00:00:00,又涨价了！8月3日，8000元返费补贴，小时工28元，工友们抓住机会,7280.0,7280.0,7280.0,https://www.fskzpw.com/cms/show-2676.html,,"Dispatch, hourly type",posted hourly rate x 260 h,28.0,28.0
2026-08-10 00:00:00,8月10号返费最高7800和小时工最高27，价格变化较快，工友们及时报名入职郑州富士康,6760.0,7020.0,6890.0,https://www.fskzpw.com/cms/show-2677.html,,"Dispatch, hourly type",posted hourly rate x 260 h,26.0,27.0
2026-08-15 00:00:00,8月16号开始，郑州富士康最新招聘信息：返费8000元，小时工28元/小时，阶段顶峰价格,7280.0,7280.0,7280.0,https://www.fskzpw.com/cms/show-2678.html,,"Dispatch, hourly type",posted hourly rate x 260 h,28.0,28.0
2026-08-16 00:00:00,2026年8月17日郑州富士康最新招聘政策 小时工28元/小时+返费8000元,7280.0,7280.0,7280.0,https://www.fskzpw.com/cms/show-2679.html,,"Dispatch, hourly type",posted hourly rate x 260 h,28.0,28.0
2026-08-19 00:00:00,8月20号郑州富士康最新招聘政策，返费最高7600元，小时工最高28元/小时,7280.0,7280.0,7280.0,https://www.fskzpw.com/cms/show-2680.html,,"Dispatch, hourly type",posted hourly rate x 260 h,28.0,28.0
2026-09-04 00:00:00,郑州富士康最新招聘招募、面试地址及乘车路线-河南郑州富士康招募中心,5980.0,7280.0,6630.0,https://www.fskzpw.com/cms/show-853.html,,"Dispatch, hourly type",posted hourly rate x 260 h,23.0,28.0
2026-09-23 00:00:00,郑州富士康港区A事业群招聘（9.23最新政策）,7020.0,7020.0,7020.0,https://www.fskzpw.com/cms/show-2682.html,,"Dispatch, hourly type",posted hourly rate x 260 h,27.0,27.0
2026-09-24 00:00:00,补贴暴增800元，郑州富士康了限时3天，返费7800，小时工27元/小时+500元限时补贴,7020.0,7020.0,7020.0,https://www.fskzpw.com/cms/show-2683.html,,"Dispatch, hourly type",posted hourly rate x 260 h,27.0,27.0
