year,hourly-type dispatch,rebate-type dispatch,regular/unspecified,short-term,student/summer
2010,0.0,0.0,1.0,0.0,0.0
2011,0.0,0.0,1.0,0.0,0.0
2012,0.0,0.0,1.0,0.0,0.0
2013,0.0,0.0,1.0,0.0,0.0
2014,0.0,0.0,1.0,0.0,0.0
2015,0.0,0.0,1.0,0.0,0.0
2016,0.0,0.0,1.0,0.0,0.0
2017,0.0,0.0,1.0,0.0,0.0
2018,0.0,0.0,1.0,0.0,0.0
2019,0.0,0.16,0.6,0.0,0.24
2020,0.0,0.45454545454545453,0.4772727272727273,0.0,0.06818181818181818
2021,0.04,0.4,0.4,0.0,0.16
2022,0.09375,0.1875,0.5,0.0,0.21875
2023,0.13636363636363635,0.3181818181818182,0.36363636363636365,0.045454545454545456,0.13636363636363635
2024,0.12727272727272726,0.2545454545454545,0.5272727272727272,0.01818181818181818,0.07272727272727272
2025,0.9381443298969072,0.0,0.05154639175257732,0.0,0.010309278350515464
2026,0.8717948717948718,0.0,0.07692307692307693,0.0,0.05128205128205128
