index,year,hourly-type dispatch,rebate-type dispatch,regular/unspecified,short-term,student/summer,帖子数,参保人数合计
0,2010,0.0,0.0,1.0,0.0,0.0,1,
1,2011,0.0,0.0,1.0,0.0,0.0,19,
2,2012,0.0,0.0,1.0,0.0,0.0,23,
3,2013,0.0,0.0,1.0,0.0,0.0,13,
4,2014,0.0,0.0,1.0,0.0,0.0,19,
5,2015,0.0,0.0,1.0,0.0,0.0,11,
6,2016,0.0,0.0,1.0,0.0,0.0,8,245234.0
7,2017,0.0,0.0,1.0,0.0,0.0,9,231589.0
8,2018,0.0,0.0,1.0,0.0,0.0,7,190666.0
9,2019,0.0,0.16,0.6,0.0,0.24,25,106400.0
10,2020,0.0,0.45454545454545453,0.4772727272727273,0.0,0.06818181818181818,44,102205.0
11,2021,0.04,0.4,0.4,0.0,0.16,25,82053.0
12,2022,0.09375,0.1875,0.5,0.0,0.21875,32,80699.0
13,2023,0.13636363636363635,0.3181818181818182,0.36363636363636365,0.045454545454545456,0.13636363636363635,22,76428.0
14,2024,0.12727272727272726,0.2545454545454545,0.5272727272727272,0.01818181818181818,0.07272727272727272,55,65821.0
15,2025,0.9381443298969072,0.0,0.05154639175257732,0.0,0.010309278350515464,97,61825.0
16,2026,0.8717948717948718,0.0,0.07692307692307693,0.0,0.05128205128205128,39,
