年月,当月自动化/用工事件,富联裕展A–E区设计定员（按最近一次环评）,富泰华设计定员,招工返费_最高（元）,小时工_最高时薪（元）,帖子数,鸿富锦 COD（吨）,鸿富锦 VOCs（吨）,富联精密 COD（吨）,富联精密 颗粒物（吨）,派遣型占比_当月
2019-01,,,23000,,,1.0,,,,,0.0
2019-02,,,23000,,,1.0,,,,,0.0
2019-03,,,23000,,,1.0,,,,,0.0
2019-04,,,23000,,,1.0,,,,,0.0
2019-05,鸿富锦：竣工验收（C、D、B/E、G区自主验收）,,23000,,,2.0,,,,,0.0
2019-06,富泰华：环评批复（浸胶自动化升级（郑经环建〔2019〕45号））,,23000,,,1.0,,,,,0.0
2019-07,,,23000,,,1.0,,,,,0.0
2019-08,,,23000,,,,,,,,
2019-09,,,23000,4500.0,,6.0,,,,,0.5
2019-10,,,23000,,,,,,,,
2019-11,,,23000,4800.0,,5.0,,,,,0.2
2019-12,,,23000,,,5.0,,,,,0.0
2020-01,,,23000,,,2.0,9.8,5.1,0.0,0.0,0.0
2020-02,,,23000,,,3.0,0.0,1.1,0.0,0.0,0.0
2020-03,富泰华：投产（浸胶自动化升级投产）,,23000,,,4.0,14.2,2.9,0.0,0.0,0.0
2020-04,,,23000,,,,11.6,2.1,0.0,0.0,
2020-05,富泰华：开工（5G机构件项目开工：CNC 3521→4540台、新增机械手打砂机216台，定员2.3万不变）,,23000,,,3.0,9.2,4.9,0.0,0.0,0.0
2020-06,,,23000,,,,11.2,5.3,0.0,0.0,
2020-07,,,23000,4000.0,,5.0,10.4,5.9,0.0,0.0,0.4
2020-08,鸿富锦：排污许可（2020-08-22 取得排污许可证）；河南裕展：排污许可（2020-08-21 取得排污许可证（v1））；富泰华：环评批复（5G机构件项目（郑经环建〔2020〕50号））,,23000,9000.0,,7.0,12.2,5.1,0.0,0.0,0.8571428571428571
2020-09,河南裕展：环评批复/开工（6000万件技改（B区）：新增CNC 232台；预计2021-02投产）,,23000,10000.0,,9.0,15.0,5.8,5.75,2.17,0.8888888888888888
2020-10,富泰华：建成（5G机构件项目计划建设期结束）,,23000,10000.0,,5.0,18.9,5.4,8.317,2.17,0.4
2020-11,,,23000,3000.0,,3.0,20.9,6.5,6.31,2.17,0.3333333333333333
2020-12,河南裕展：环评批复（机构件升级＋耳机小件（A/C/D/E区，定员51000人，CNC 5190台，机器人459台））,51000.0,23000,7500.0,,3.0,17.0,7.3,5.67,2.17,0.3333333333333333
2021-01,,51000.0,23000,,,4.0,6.373,6.6,6.69,2.17,0.0
2021-02,河南裕展：投产（预计）（6000万件技改预计投产）,51000.0,23000,,,1.0,4.748,5.8,3.3,2.17,0.0
2021-03,,51000.0,23000,4500.0,,4.0,3.418,7.4,2.91,2.17,0.5
2021-04,,51000.0,23000,5500.0,,2.0,7.14,6.5,3.82,2.17,0.5
2021-05,,51000.0,23000,,,1.0,5.647,6.4,3.19,2.17,0.0
2021-06,,51000.0,23000,8500.0,,5.0,4.518,5.6,3.132,0.61,0.6
2021-07,富泰华：调试（5G机构件项目设备建成，开始调试试运行）,51000.0,23000,8800.0,25.5,2.0,4.97,6.2,2.986,0.53,0.5
2021-08,,51000.0,23000,9500.0,,2.0,5.557,7.0,4.022,0.61,0.5
2021-09,河南裕展：环评批复（精密模块全自动智能制造（B区，定员20400人））；河南裕展：环评批复（升级改造智能制造（A/C/D/E区）：定员51000→30000人，“由于工艺进行自动化升级”）,30000.0,23000,,,,6.001,7.2,4.18,0.59,
2021-10,,30000.0,23000,,,1.0,4.201,7.0,7.72,0.56,0.0
2021-11,,30000.0,23000,9500.0,,3.0,5.293,7.4,3.22,0.59,1.0
2021-12,,30000.0,23000,,,,5.747,7.7,3.92,0.47,
2022-01,,30000.0,23000,,,2.0,29.515,2.44,2.605,0.38,0.0
2022-02,,30000.0,23000,,,3.0,26.938,2.23,2.483,0.32,0.25
2022-03,,30000.0,23000,8500.0,20.5,1.0,27.513,2.91,4.09,0.47,1.0
2022-04,,30000.0,23000,,,,18.73,2.7,3.3,0.46,
2022-05,河南裕展：环评批复（22X智能升级：定员30000→26000人（“由于产能减少”），CNC 4514台、机器人559台）；富泰华：开工（智能制造升级开工：CNC 4301→4531台，建设期至2022-12）,26000.0,23000,,,3.0,14.75,2.7,4.31,0.47,0.0
2022-06,河南裕展：更名（2022-06-06 更名为富联裕展科技（河南）有限公司）,26000.0,23000,,,6.0,20.84,2.6,5.8,0.69,0.0
2022-07,河南裕展：排污许可（重新申请排污许可（v3））,26000.0,23000,,,1.0,20.101,2.51,6.279,0.5,0.0
2022-08,,26000.0,23000,11000.0,,3.0,26.072,2.97,5.846,0.72,1.0
2022-09,,26000.0,23000,8500.0,,1.0,32.005,2.75,4.908,0.69,1.0
2022-10,,26000.0,23000,,,1.0,26.425,1.7,8.8,0.65,0.0
2022-11,,26000.0,23000,,30.0,6.0,16.182,0.7,4.06,0.53,0.3333333333333333
2022-12,富泰华：建成（智能制造升级计划建设期结束）,26000.0,23000,,,2.0,26.577,2.61,7.079,0.72,0.0
2023-01,,26000.0,23000,,,1.0,12.853,1.43,5.305,1.42,0.0
2023-02,,26000.0,23000,,,1.0,13.502,1.08,5.57,1.38,0.0
2023-03,河南裕展：排污许可（重新申请排污许可（v4），覆盖22X项目）,26000.0,23000,5400.0,,1.0,7.721,1.3,4.61,1.42,1.0
2023-04,,26000.0,23000,2500.0,,2.0,9.6,1.16,3.641,1.38,0.5
2023-05,河南裕展：环评批复（智能制造升级改造：定员26000→11614人（“由于工艺进行自动化升级”），CNC 4514→5333台）；河南裕展：环评批复（5G机构组件高端制造（B/C/E区，定员18000人，原产品产能减53–77%））,11614.0,23000,5400.0,22.0,3.0,8.98,1.47,3.872,1.39,0.6666666666666666
2023-06,,11614.0,23000,3500.0,22.0,1.0,11.75,1.65,2.859,1.38,1.0
2023-07,,11614.0,23000,,,5.0,20.51,2.57,5.833,1.62,0.0
2023-08,,11614.0,23000,8500.0,,2.0,25.05,2.67,7.4,1.62,0.75
2023-09,,11614.0,23000,,,,25.05,2.26,8.016,1.62,1.0
2023-10,,11614.0,23000,,,2.0,13.77,2.19,8.128,1.46,0.0
2023-11,,11614.0,23000,,,,16.15,2.33,6.982,1.57,
2023-12,,11614.0,23000,,,1.0,15.11,2.32,6.123,1.62,1.0
2024-01,河南裕展：排污许可（重新申请排污许可（v5））,11614.0,23000,,,,20.8,4.06,5.031,0.51,
2024-02,,11614.0,23000,,,2.0,17.63,2.86,3.049,0.48,0.5
2024-03,,11614.0,23000,,,2.0,13.86,3.75,4.025,0.51,0.0
2024-04,,11614.0,23000,,,3.0,13.66,0.766,4.74,0.5,0.0
2024-05,,11614.0,23000,,,2.0,16.38,0.874,3.578,1.37,0.0
2024-06,,11614.0,23000,,,3.0,18.5,0.764,4.202,0.5,0.0
2024-07,河南裕展：排污许可（重新申请排污许可（v6））,11614.0,23000,,26.0,4.0,27.77,1.49,8.352,0.51,0.2
2024-08,,11614.0,23000,9000.0,26.0,7.0,38.93,1.581,11.913,0.51,1.0
2024-09,,11614.0,23000,7800.0,,13.0,152.58,1.566,9.8,0.5,0.38461538461538464
2024-10,,11614.0,23000,5500.0,,8.0,46.57,1.297,5.804,0.46,0.5
2024-11,富士康新能源汽车：环评受理（新能源汽车研发中心（定员200人，机器人5台））,11614.0,23000,,,,40.27,1.249,8.93,0.5,
2024-12,,11614.0,23000,6300.0,26.0,10.0,39.52,1.231,11.417,0.51,0.3
2025-01,河南裕展：环评批复/竣工验收（5G智能终端精密机构件项目（郑港环告表〔2025〕21号）；5G机构组件项目完成自主验收）,11614.0,23000,8700.0,26.0,16.0,51.32,1.606,4.96,0.31,0.9375
2025-02,,11614.0,23000,7500.0,25.0,10.0,44.41,1.657,4.77,0.29,0.9
2025-03,,11614.0,23000,2700.0,20.0,2.0,43.17,1.829,5.74,0.31,1.0
2025-04,,11614.0,23000,2500.0,20.0,2.0,34.928,2.044,1.905,0.31,1.0
2025-05,,11614.0,23000,3500.0,20.0,4.0,30.274,2.053,1.498,0.29,1.0
2025-06,,11614.0,23000,4500.0,22.0,8.0,38.024,2.148,0.981,0.31,1.0
2025-07,,11614.0,23000,7300.0,25.0,12.0,34.003,1.69,1.244,0.31,1.0
2025-08,,11614.0,23000,9600.0,28.0,21.0,37.465,1.705,1.9,0.31,0.8571428571428571
2025-09,,11614.0,23000,9300.0,27.0,11.0,39.73,1.747,2.029,0.3,1.0
2025-10,,11614.0,23000,8800.0,27.0,7.0,42.784,1.943,1.243,0.28,0.8571428571428571
2025-11,,11614.0,23000,8000.0,27.0,4.0,45.15,1.876,0.873,0.3,1.0
2025-12,,11614.0,23000,,,,43.964,1.845,1.015,0.31,
2026-01,河南裕展：排污许可（全厂排污许可变更（v7））,11614.0,23000,7500.0,28.0,4.0,,,,,0.75
2026-02,,11614.0,23000,8700.0,28.0,10.0,,,,,0.7
2026-03,河南裕展：环评批复（5G智能新产品柔性制造精密机构件研发项目（郑港环告表〔2026〕10号，新增G05厂房））,11614.0,23000,6000.0,26.0,5.0,,,,,1.0
2026-04,河南裕展：环评公示（5G高端智能AI机构件改造一期：新增定员3500人，新增CNC 675台、机械手284台）,11614.0,23000,5000.0,,1.0,,,,,1.0
2026-05,河南裕展：排污许可（重新申请排污许可（v8））,11614.0,23000,6000.0,28.0,4.0,,,,,1.0
2026-06,,11614.0,23000,6000.0,,1.0,,,,,1.0
2026-07,,11614.0,23000,7950.0,28.0,5.0,,,,,1.0
2026-08,,11614.0,23000,8000.0,28.0,5.0,,,,,1.0
2026-09,,11614.0,23000,7800.0,28.0,4.0,,,,,0.75
