year,案由,category,hearings
2015,人事争议,Labor & employment,1
2015,劳动争议,Labor & employment,1
2015,合同纠纷,Commercial contract,1
2015,工伤保险待遇纠纷,Labor & employment,1
2015,生命权、健康权、身体权纠纷,Personal injury / rights,1
2015,行政确认,Other / administrative,1
2016,合同纠纷,Commercial contract,1
2017,劳动争议,Labor & employment,2
2017,合同纠纷,Commercial contract,2
2017,提供劳务者受害责任纠纷,Personal injury / rights,1
2017,身体权纠纷,Personal injury / rights,2
2018,买卖合同纠纷,Commercial contract,1
2018,侵害作品信息网络传播权纠纷,Intellectual property,1
2019,劳动争议,Labor & employment,6
2019,合同纠纷,Commercial contract,1
2019,提供劳务者受害责任纠纷,Personal injury / rights,3
2019,申请撤销仲裁裁决,Labor & employment,1
2019,著作权权属纠纷,Intellectual property,1
2020,健康权纠纷,Personal injury / rights,1
2020,劳动争议,Labor & employment,2
2020,劳动合同纠纷,Labor & employment,2
2020,合同纠纷,Commercial contract,2
2020,承揽合同纠纷,Commercial contract,1
2021,买卖合同纠纷,Commercial contract,8
2021,劳动争议,Labor & employment,12
2021,名誉权纠纷,Personal injury / rights,4
2021,广告合同纠纷,Commercial contract,6
2021,建设工程分包合同纠纷,Commercial contract,1
2022,买卖合同纠纷,Commercial contract,1
2022,劳动争议,Labor & employment,15
2022,合同纠纷,Commercial contract,1
2022,广告合同纠纷,Commercial contract,1
2022,建设工程施工合同纠纷,Commercial contract,5
2022,房屋买卖合同纠纷,Commercial contract,1
2022,房屋租赁合同纠纷,Commercial contract,1
2022,装饰装修合同纠纷,Commercial contract,1
2022,金融借款合同纠纷,Commercial contract,1
2023,买卖合同纠纷,Commercial contract,1
2023,侵害作品信息网络传播权纠纷,Intellectual property,1
2023,侵害发明专利权纠纷,Intellectual property,2
2023,其他民事,Other / administrative,1
2023,劳动争议,Labor & employment,9
2023,失业保险待遇纠纷,Labor & employment,1
2023,竞业限制纠纷,Labor & employment,1
2024,侵害作品信息网络传播权纠纷,Intellectual property,1
2024,侵害发明专利权纠纷,Intellectual property,1
2024,其他民事,Other / administrative,1
2024,劳动争议,Labor & employment,9
2024,劳动合同纠纷,Labor & employment,17
2024,合同纠纷,Commercial contract,4
2024,工伤保险待遇纠纷,Labor & employment,2
2024,建设工程分包合同纠纷,Commercial contract,1
2024,社会保险纠纷,Labor & employment,1
2025,其他民事,Other / administrative,2
2026,劳动争议,Labor & employment,1
