entity,year,project,CNC/machine tools__before,CNC/machine tools__after,Robots/robotic arms__before,Robots/robotic arms__after,Automation-specific machines__before,Automation-specific machines__after,Inspection equipment__before,Inspection equipment__after,Manual stations/hand tools__before,Manual stations/hand tools__after,Other process equipment__before,Other process equipment__after,majority_status,entity_en,project_en
富泰华/富联精密（郑州，经开区）,2022,高端手机机构件升级改造智能制造项目,4301,4531,184,160,153,160,57,28,0,0,2205,2586,planned_or_unconfirmed,"FII Precision (Futaihua), Econ. Dev. Zone",High-end structural-parts upgrade (smart mfg.)
富泰华/富联精密（郑州，经开区）,2020,5G智能手机精密机构件生产项目,3521,4540,0,216,28,67,562,431,0,0,534,1710,confirmed_built_or_baseline,"FII Precision (Futaihua), Econ. Dev. Zone",5G precision structural-parts production
富泰华/富联精密（郑州，经开区）,2017,手机机构件升级改造项目（技改前现状）,0,6272,0,196,0,351,0,58,0,0,0,1056,confirmed_built_or_baseline,"FII Precision (Futaihua), Econ. Dev. Zone",Structural-parts upgrade (pre-retrofit baseline)
富联裕展（河南，航空港综保区）,2026,5G高端智能AI手机精密机构件改造（一期）新增楼层,0,675,0,284,0,331,0,319,0,536,0,754,planned_or_unconfirmed,"FII Yuzhan (Henan), Airport Zone bonded area",5G AI structural-parts retrofit ph.1: new floors
富联裕展（河南，航空港综保区）,2026,5G高端智能AI手机精密机构件改造（一期）改建楼层,4399,4700,7,39,234,301,163,174,8,8,1237,1513,planned_or_unconfirmed,"FII Yuzhan (Henan), Airport Zone bonded area",5G AI structural-parts retrofit ph.1: converted floors
富联裕展（河南，航空港综保区）,2020,河南裕展 年产6000万件技改（B区）,0,232,0,0,0,4,0,11,0,0,85,649,confirmed_built_or_baseline,"FII Yuzhan (Henan), Airport Zone bonded area",60M-units/yr retrofit (Zone B)
富联裕展（河南，航空港综保区）,2020,河南裕展 机构件升级＋耳机小件技改（A/C/D/E区）,5479,5190,350,459,7,7,0,22,0,5,1002,3102,planned_or_unconfirmed,"FII Yuzhan (Henan), Airport Zone bonded area",Structural + earphone-part upgrade (Zones A/C/D/E)
富联裕展（河南，航空港综保区）,2023,富联裕展 智能制造升级改造（A–E区）,4514,5333,559,559,13,33,251,226,71,0,2767,3108,planned_or_unconfirmed,"FII Yuzhan (Henan), Airport Zone bonded area",Smart manufacturing upgrade (Zones A-E)
富联裕展（河南，航空港综保区）,2023,富联裕展 5G机构组件高端制造改造（B/C/E区）,227,97,0,0,20,6,43,324,0,0,775,1801,confirmed_built_or_baseline,"FII Yuzhan (Henan), Airport Zone bonded area",5G structural-component upgrade (Zones B/C/E)
