实体,年份,项目,majority_status
富泰华/富联精密（郑州，经开区）,2017,手机机构件升级改造项目（技改前现状）,confirmed_built_or_baseline
富泰华/富联精密（郑州，经开区）,2020,5G智能手机精密机构件生产项目,confirmed_built_or_baseline
富泰华/富联精密（郑州，经开区）,2022,高端手机机构件升级改造智能制造项目,planned_or_unconfirmed
富联裕展（河南，航空港综保区）,2020,河南裕展 年产6000万件技改（B区）,confirmed_built_or_baseline
富联裕展（河南，航空港综保区）,2020,河南裕展 机构件升级＋耳机小件技改（A/C/D/E区）,planned_or_unconfirmed
富联裕展（河南，航空港综保区）,2023,富联裕展 5G机构组件高端制造改造（B/C/E区）,confirmed_built_or_baseline
富联裕展（河南，航空港综保区）,2023,富联裕展 智能制造升级改造（A–E区）,planned_or_unconfirmed
富联裕展（河南，航空港综保区）,2026,5G高端智能AI手机精密机构件改造（一期）改建楼层,planned_or_unconfirmed
富联裕展（河南，航空港综保区）,2026,5G高端智能AI手机精密机构件改造（一期）新增楼层,planned_or_unconfirmed
