entity_zh,event_type,content_zh,日期精度,date
鸿富锦,环评批复,K区手机及播放器组装线（设计定员约6万人，1950万台/年）,年,2010-01-01
鸿富锦,环评批复,F区N94手机组装（约6万人）,年,2011-01-01
鸿富锦,环评批复,C区322DC（约3万人）、L区N94（约6万人）,年,2012-01-01
富泰华,环评批复,日加工105千件金属件（豫环审〔2012〕172号）,月,2012-08-01
富泰华,开工,105千件金属件产线开工,月,2012-10-01
鸿富锦,环评批复,D区322DC（约3万人）,年,2013-01-01
富泰华,建成,105千件金属件产线基本建成,月,2013-02-01
鸿富锦,环评批复,B/E区322DC（约6.4万人）,年,2014-01-01
富泰华,变更批复,105千件项目变更（豫环审〔2015〕73号）,月,2015-03-01
鸿富锦,竣工验收,K区、F区、L区通过验收（郑港环验〔2016〕15–17号）,年,2016-01-01
河南裕展,环评批复,年产6000万件手机机构件（B区，定员15829人）,月,2016-10-01
鸿富锦,环评批复,G区800万部iPhone（约3万人）,年,2017-01-01
富泰华,竣工验收,105千件项目验收（郑环验〔2017〕7号）；现状CNC 6272台、机械手196台、定员2.3万人,月,2017-01-01
河南裕展,竣工验收,6000万件项目验收,月,2017-07-01
富泰华,环评批复/开工,手机机构件升级改造（产能105→70千件/日，定员2.3万不变），建设期至2017-12,月,2017-08-01
富泰华,开工,浸胶制程及自动化升级开工（“部分手工作业升级为自动化设备作业”）,月,2018-10-01
鸿富锦,竣工验收,C、D、B/E、G区自主验收,月,2019-05-01
富泰华,环评批复,浸胶自动化升级（郑经环建〔2019〕45号）,月,2019-06-01
富泰华,投产,浸胶自动化升级投产,月,2020-03-01
富泰华,开工,5G机构件项目开工：CNC 3521→4540台、新增机械手打砂机216台，定员2.3万不变,月,2020-05-01
鸿富锦,排污许可,2020-08-22 取得排污许可证,月,2020-08-01
河南裕展,排污许可,2020-08-21 取得排污许可证（v1）,月,2020-08-01
富泰华,环评批复,5G机构件项目（郑经环建〔2020〕50号）,月,2020-08-01
河南裕展,环评批复/开工,6000万件技改（B区）：新增CNC 232台；预计2021-02投产,月,2020-09-01
富泰华,建成,5G机构件项目计划建设期结束,月,2020-10-01
河南裕展,环评批复,机构件升级＋耳机小件（A/C/D/E区，定员51000人，CNC 5190台，机器人459台）,月,2020-12-01
河南裕展,投产（预计）,6000万件技改预计投产,月,2021-02-01
富泰华,调试,5G机构件项目设备建成，开始调试试运行,月,2021-07-01
河南裕展,环评批复,精密模块全自动智能制造（B区，定员20400人）,月,2021-09-01
河南裕展,环评批复,升级改造智能制造（A/C/D/E区）：定员51000→30000人，“由于工艺进行自动化升级”,月,2021-09-01
河南裕展,环评批复,22X智能升级：定员30000→26000人（“由于产能减少”），CNC 4514台、机器人559台,月,2022-05-01
富泰华,开工,智能制造升级开工：CNC 4301→4531台，建设期至2022-12,月,2022-05-01
河南裕展,更名,2022-06-06 更名为富联裕展科技（河南）有限公司,月,2022-06-01
河南裕展,排污许可,重新申请排污许可（v3）,月,2022-07-01
富泰华,建成,智能制造升级计划建设期结束,月,2022-12-01
河南裕展,排污许可,重新申请排污许可（v4），覆盖22X项目,月,2023-03-01
河南裕展,环评批复,智能制造升级改造：定员26000→11614人（“由于工艺进行自动化升级”），CNC 4514→5333台,月,2023-05-01
河南裕展,环评批复,5G机构组件高端制造（B/C/E区，定员18000人，原产品产能减53–77%）,月,2023-05-01
河南裕展,排污许可,重新申请排污许可（v5）,月,2024-01-01
河南裕展,排污许可,重新申请排污许可（v6）,月,2024-07-01
富士康新能源汽车,环评受理,新能源汽车研发中心（定员200人，机器人5台）,月,2024-11-01
河南裕展,环评批复/竣工验收,5G智能终端精密机构件项目（郑港环告表〔2025〕21号）；5G机构组件项目完成自主验收,月,2025-01-01
河南裕展,排污许可,全厂排污许可变更（v7）,月,2026-01-01
河南裕展,环评批复,5G智能新产品柔性制造精密机构件研发项目（郑港环告表〔2026〕10号，新增G05厂房）,月,2026-03-01
河南裕展,环评公示,5G高端智能AI机构件改造一期：新增定员3500人，新增CNC 675台、机械手284台,月,2026-04-01
河南裕展,排污许可,重新申请排污许可（v8）,月,2026-05-01
