实体,厂区,项目,代表月份,劳动定员（人）,定员口径,实体简称,园区,note
富士康新能源汽车产业发展（河南）,航空港 吴州路,富士康新能源汽车研发中心,2024-11,200.0,项目定员,富士康新能源汽车,航空港,
富泰华精密电子（郑州）/今富联精密电子（郑州）,A区,日加工105千件手机金属件项目（现有工程1）,2013-02,23000.0,全厂定员（2017年环评所列现状）,富联精密/富泰华,经开区,
富泰华精密电子（郑州）/今富联精密电子（郑州）,A区,手机机构件升级改造项目,2017-12,23000.0,全厂定员（“2.3万人（未变化）”）,富联精密/富泰华,经开区,
富泰华精密电子（郑州）/今富联精密电子（郑州）,A区,5G智能手机精密机构件生产项目,2021-07,23000.0,全厂定员（“改扩建后总劳动定员2.3万人，不新增人员”）,富联精密/富泰华,经开区,
富泰华精密电子（郑州）/今富联精密电子（郑州）,A区,高端手机机构件升级改造智能制造项目,2022-12,23000.0,全厂定员（“改扩建后总劳动定员2.3万人，不新增人员”）,富联精密/富泰华,经开区,
富联裕展科技（河南）（原河南裕展精密）,新增7个楼层,5G高端智能AI手机精密机构件改造（一期）：新增楼层,2026-04,3500.0,本项目新增定员（全部在G区）,富联裕展/河南裕展,航空港,
河南裕展精密/富联裕展（河南）,B区,年产6000万件手机机构件项目（现有工程Ⅰ）,2016-10,15829.0,项目定员,富联裕展/河南裕展,航空港,
河南裕展精密/富联裕展（河南）,B区,年产6000万件手机机构件技改项目,2021-02,2506.0,本项目定员（由厂区内部调配，不新增）,富联裕展/河南裕展,航空港,
河南裕展精密/富联裕展（河南）,A/C/D/E区,手机机构件加工升级及新增耳机小件加工技改项目,2020-12,51000.0,A/C/D/E区定员（“由厂区内部调配，不新增定员”）,富联裕展/河南裕展,航空港,
河南裕展精密/富联裕展（河南）,B区,高端手机机构件精密模块全自动智能制造项目,2021-09,20400.0,项目定员（由厂区员工内部调配，不新增）,富联裕展/河南裕展,航空港,
河南裕展精密/富联裕展（河南）,A/C/D/E区,高端手机机构件升级改造智能制造项目,2021-09,30000.0,全厂定员：“由于工艺进行自动化升级，劳动定员减少”,富联裕展/河南裕展,航空港,
河南裕展精密/富联裕展（河南）,A/B/C/D/E区,22X手机机构件及耳机小件制程智能升级改造项目,2022-05,26000.0,全厂定员：“由于产能减少，劳动定员减少”,富联裕展/河南裕展,航空港,
河南裕展精密/富联裕展（河南）,B/C/E区,5G智能手机机构组件高端制造改造项目,2025-01,18000.0,项目定员（内部调配，不新增）；文中另一处写20400人,富联裕展/河南裕展,航空港,"Same EIA filing also states 20,400 elsewhere in the document for what appears to be a related/overlapping scope; 18,000 and 20,400 are both reported without a clear reconciliation in the source, per 定员口径's own ""文中另一处写20400人"" note."
河南裕展精密/富联裕展（河南）,A/B/C/D/E区,高端手机精密机构件智能制造升级改造项目,2023-05,11614.0,全厂定员：“由于工艺进行自动化升级，劳动定员由26000人减少至11614人”,富联裕展/河南裕展,航空港,
鸿富锦精密电子（郑州）,K区,富士康郑州航空港科技园K区手机及播放器组装线,2010,60000.0,项目定员（约数）,鸿富锦,航空港,
鸿富锦精密电子（郑州）,F区,N94系列手机组装（F区）,2011,60000.0,项目定员（约数）,鸿富锦,航空港,
鸿富锦精密电子（郑州）,C区,C区322DC系列手机组装,2012,30000.0,项目定员（约数）,鸿富锦,航空港,
鸿富锦精密电子（郑州）,L区,L区N94系列手机组装,2012,60000.0,项目定员（约数）,鸿富锦,航空港,
鸿富锦精密电子（郑州）,D区,D区322DC系列手机组装,2013,30000.0,项目定员（约数）,鸿富锦,航空港,
鸿富锦精密电子（郑州）,B/E区,B/E区322DC系列手机组装,2014,64000.0,项目定员（约数）,鸿富锦,航空港,
鸿富锦精密电子（郑州）,G区,年产800万部iPhone系列产品（G01/G02）,2017,30000.0,项目定员（约数）,鸿富锦,航空港,
