公司,年份,参保人数
河南信广达人力资源服务有限公司,2016,0.0
江苏思远人力资源有限公司,2016,0.0
河南群英会人力资源服务有限公司,2016,6.0
河南启宏人力资源服务有限公司,2016,2.0
富士康郑州四家实体合计（对照）,2016,245234.0
河南信广达人力资源服务有限公司,2017,0.0
江苏思远人力资源有限公司,2017,28.0
河南群英会人力资源服务有限公司,2017,37.0
河南启宏人力资源服务有限公司,2017,4.0
富士康郑州四家实体合计（对照）,2017,231589.0
河南信广达人力资源服务有限公司,2018,9.0
江苏思远人力资源有限公司,2018,32.0
郑州新力众人力资源服务有限公司,2018,3.0
河南群英会人力资源服务有限公司,2018,37.0
河南启宏人力资源服务有限公司,2018,9.0
富士康郑州四家实体合计（对照）,2018,190666.0
河南信广达人力资源服务有限公司,2019,4.0
江苏思远人力资源有限公司,2019,340.0
郑州新力众人力资源服务有限公司,2019,0.0
河南群英会人力资源服务有限公司,2019,22.0
河南启宏人力资源服务有限公司,2019,12.0
富士康郑州四家实体合计（对照）,2019,106400.0
安徽天造科技有限公司,2020,1.0
河南信广达人力资源服务有限公司,2020,5.0
江苏思远人力资源有限公司,2020,219.0
郑州新力众人力资源服务有限公司,2020,4.0
河南群英会人力资源服务有限公司,2020,19.0
河南启宏人力资源服务有限公司,2020,11.0
富士康郑州四家实体合计（对照）,2020,102205.0
安徽天造科技有限公司,2021,1.0
河南信广达人力资源服务有限公司,2021,5.0
江苏思远人力资源有限公司,2021,0.0
郑州新力众人力资源服务有限公司,2021,7.0
河南群英会人力资源服务有限公司,2021,23.0
河南启宏人力资源服务有限公司,2021,12.0
富士康郑州四家实体合计（对照）,2021,82053.0
河南信广达人力资源服务有限公司,2022,25.0
江苏思远人力资源有限公司,2022,4.0
郑州新力众人力资源服务有限公司,2022,6.0
河南群英会人力资源服务有限公司,2022,22.0
河南启宏人力资源服务有限公司,2022,17.0
富士康郑州四家实体合计（对照）,2022,80699.0
安徽天造科技有限公司,2023,11.0
河南信广达人力资源服务有限公司,2023,22.0
江苏思远人力资源有限公司,2023,6.0
郑州新力众人力资源服务有限公司,2023,11.0
河南群英会人力资源服务有限公司,2023,20.0
富士康郑州四家实体合计（对照）,2023,76428.0
安徽天造科技有限公司,2024,9.0
河南信广达人力资源服务有限公司,2024,11.0
江苏思远人力资源有限公司,2024,5.0
郑州新力众人力资源服务有限公司,2024,14.0
河南群英会人力资源服务有限公司,2024,12.0
河南启宏人力资源服务有限公司,2024,19.0
富士康郑州四家实体合计（对照）,2024,65821.0
安徽天造科技有限公司,2025,5.0
河南信广达人力资源服务有限公司,2025,16.0
江苏思远人力资源有限公司,2025,4.0
郑州新力众人力资源服务有限公司,2025,10.0
河南群英会人力资源服务有限公司,2025,10.0
河南启宏人力资源服务有限公司,2025,20.0
富士康郑州四家实体合计（对照）,2025,61825.0
