role_k10,人数,人均年薪_USD
unknown,2438.227657318,60071.78628722164
Technician,1693.495348691,18216.6928311735
Engineer,1059.747923612587,32846.40523884162
Operations,988.0840816499999,38985.13661096992
Service Worker,820.588848114,31681.68755857658
Public Service and Education,339.562625885,37215.05099262523
Project and IT Specialist,323.5709145071388,33867.81732743851
Sales and Marketing,176.7906367770929,30559.17352062942
Software Engineer,157.617995025,33161.25444097273
Finance,96.92600893999999,29741.76417172512
Healthcare Provider,18.907118679,29941.80051400575
