字段,正式工,派遣工·返费型,派遣工·小时工型,学生工
雇主,富士康,派遣公司,派遣公司,学校合作/假期工
底薪,"普工2,100–2,400元/月；技术工2,400–3,000元＋500元技能补贴","约2,100元/月",无，综合时薪25–28元,12元/时
加班费,按劳动法：工作日1.5倍、休息日2倍、节假日3倍,报告未单独说明,无加班倍数，已含在时薪里,按1.5/2/3倍
额外收入,夜班补贴8–10元/晚；关键岗位补贴80–200元/月（2023）,"返费4,800–9,800元，连续在职满90天才发，提前离职作废",约13元/时的“差价”，推迟到下月底发，须当月25号在职,无
社保,有，个人每月缴348元,无,无,无
病假,可凭病历请部分带薪病假,无,无,无
入职签署,劳动合同,《返费协议》,《工资差价确认书》,劳动合同
离职损失,—,90天内离职，整笔返费作废,"25号前离职，损失前两个月差价约5,200–6,000元",—
留人的方式,—,一次性门槛：满90天之前拿不到返费,滚动押款：始终有1–2个月的差价压着,—
判决书中的个案,—,"(2021)川0191民初16242号：打卡55天9,000元＋再45天8,000元",(2023)豫01民终17709号：“同工同酬＋小时差价”30元/时（入职60天内）,—
