年份,帖子数,返费_年内最高,返费_中位数,小时工_年内最高,小时工_中位数,底薪_最高,modeled_monthly_from_hourly_rmb,clw_monthly_low,clw_monthly_high,note
2010,1,,,,,,,,,
2011,19,,,,,,,,,
2012,22,,,,,1800.0,,,,
2013,13,,,,,2000.0,,,,
2014,19,,,,,,,,,
2015,11,,,,,,,,,
2016,8,,,,,,,,,
2017,9,,,,,,,,,
2018,7,,,,,,,,,
2019,24,4800.0,4100.0,,,1900.0,,2000.0,3500.0,"CLW2019：淡季约2,000元/旺季约3,500元"
2020,44,10000.0,9000.0,,,2100.0,,,,
2021,25,9500.0,8500.0,25.5,25.5,2600.0,5763.0,,,
2022,29,11000.0,10000.0,30.0,30.0,2200.0,6780.0,,,
2023,19,8500.0,5400.0,22.0,22.0,2200.0,4972.0,,,
2024,54,9000.0,7300.0,26.0,26.0,2200.0,5876.0,,,
2025,97,9600.0,7500.0,28.0,25.0,,5650.0,3000.0,5100.0,"CLW2025 p.15：普工3,000-3,500/技术工3,500-5,100（含加班）"
2026,39,8700.0,7150.0,28.0,27.0,,6102.0,,,
