年份,whitecollar_median_monthly_rmb,whitecollar_n_posts,reliable,底薪_最高,modeled_monthly_from_hourly_rmb,clw_monthly_low,clw_monthly_high,ratio_wc_over_factory_modeled
2010,,,,,,,,
2011,,,,,,,,
2012,,,,1800.0,,,,
2013,,,,2000.0,,,,
2014,,,,,,,,
2015,,,,,,,,
2016,8541.666666666666,10.0,True,,,,,
2017,7000.5,220.0,True,,,,,
2018,7083.333333333333,133.0,True,,,,,
2019,7000.0,87.0,True,1900.0,,2000.0,3500.0,
2020,7000.0,52.0,True,2100.0,,,,
2021,7000.0,214.0,True,2600.0,5763.0,,,1.2146451500954365
2022,3391.1671924290217,215.0,True,2200.0,6780.0,,,0.5001721522756669
2023,10125.0,28.0,True,2200.0,4972.0,,,2.0364038616251006
2024,14375.0,6.0,False,2200.0,5876.0,,,2.4463921034717493
2025,5416.666666666667,1.0,False,,5650.0,3000.0,5100.0,0.9587020648967552
2026,151.08223224602472,61.0,False,,6102.0,,,0.02475946120059402
