文章ID,日期,year,标题,post_type,has_rebate_field,has_hourly_field,mentions_dispatch_language,mentions_direct_hire_language,body_contaminated
734,2010-11-17,2010,富士康科技集团郑州科技园招聘公告,regular/unspecified,False,False,False,False,True
735,2011-07-23,2011,郑州富士康，7月24号面试，不去深圳培训，直接进入郑州厂区上班。,regular/unspecified,False,False,False,False,True
758,2011-07-24,2011,郑州富士康招聘，7月25号面试，不去深圳培训，直接进入郑州厂区上班。,regular/unspecified,False,False,False,False,True
759,2011-07-25,2011,郑州富士康招聘，7月26号面试，合格后，直接进入郑州厂区上班,regular/unspecified,False,False,False,False,True
760,2011-07-26,2011,郑州富士康招聘，7月27号面试，合格后，直接进入郑州厂区上班,regular/unspecified,False,False,False,False,True
761,2011-07-27,2011,郑州富士康招聘，7月28号面试，合格后，直接进入郑州厂区上班,regular/unspecified,False,False,False,False,True
762,2011-07-28,2011,郑州富士康招聘，7月29号面试，合格后，直接进入郑州厂区上班,regular/unspecified,False,False,False,False,True
763,2011-07-29,2011,郑州富士康招聘，7月30号面试，合格后，直接进入郑州厂区上班,regular/unspecified,False,False,False,False,True
764,2011-07-30,2011,郑州富士康招聘，8月1号面试，不去深圳培训，直接进入郑州厂区上班。,regular/unspecified,False,False,False,False,True
773,2011-08-01,2011,郑州富士康招聘，8月2号招聘通知，直接进入郑州厂区上班,regular/unspecified,False,False,False,False,True
776,2011-08-02,2011,郑州富士康招聘，8月3号招聘通知，直接进入郑州厂区上班,regular/unspecified,False,False,False,False,True
785,2011-08-03,2011,通知：8月02日面试合格人员定于8月4日下午1点前报到,regular/unspecified,False,False,False,False,True
787,2011-08-05,2011,通知：8月03日面试合格人员8月6日（周六）上午10：00进富士康郑州厂区,regular/unspecified,False,False,False,False,True
788,2011-08-07,2011,8月4日郑州富士康招聘合格人员名单,regular/unspecified,False,False,False,False,True
789,2011-08-07,2011,8月8日郑州富士康直接进厂人员名单,regular/unspecified,False,False,False,False,True
803,2011-08-13,2011,8月10号合格人员8月13日上午10点前到面试地点报到,regular/unspecified,False,False,False,False,True
839,2011-08-24,2011,通知：凡以前自离的，辞职的，未报到的，都可以提前报名,regular/unspecified,False,False,False,False,True
841,2011-09-02,2011,面试人员请注意，现在是当天面试当天进厂，请带简单衣物。,regular/unspecified,False,False,False,False,True
844,2011-09-02,2011,通知：身份证，消磁的，都可以面试,regular/unspecified,False,False,False,False,True
784,2011-12-28,2011,【紧急通知】4月25号面试，直进新郑厂区，请赶紧报名。,regular/unspecified,False,False,False,False,True
845,2012-02-22,2012,重要通知：郑州富士康招聘普工年龄条件放宽，16周岁—40周岁,regular/unspecified,False,False,False,False,True
859,2012-06-14,2012,【紧急通知】直留郑州厂区的招聘暂停，请提前报名，准备下一轮招聘。,regular/unspecified,False,False,False,False,True
850,2012-08-10,2012,【通知】关于富士康的工资特别通知。生产补贴每月增加400元。,regular/unspecified,False,False,False,False,True
889,2012-08-19,2012,郑州富士康8月20日至24日，天天面试，名额有限请及时报名面试。,regular/unspecified,False,False,False,False,True
854,2012-08-20,2012,【紧急】直接在郑州厂区上班，不用去外地培训。名额有限,regular/unspecified,False,False,False,False,True
1108,2012-08-23,2012,【好消息】郑州富士康试用底薪上涨至1800元，试用期后2000元，月工资2800元-3500元,regular/unspecified,False,False,False,False,True
1109,2012-08-24,2012,郑州富士康8月25日，面试，当天进厂，名额有限请及时报名面试。,regular/unspecified,False,False,False,False,True
1110,2012-08-26,2012,郑州富士康8月27号至31号面试，当天进厂，名额有限请及时报名面试。,regular/unspecified,False,False,False,False,True
1111,2012-09-01,2012,郑州富士康9月1日至9月7日面试，当天进厂，名额有限请及时报名面试。,regular/unspecified,False,False,False,False,True
1142,2012-09-16,2012,郑州富士康9月24日至9月28日面试，当天进厂，名额有限请及时报名面试。,regular/unspecified,False,False,False,False,True
1143,2012-09-25,2012,【好消息】郑州富士康最新招聘信息：增加200元生活补贴。,regular/unspecified,False,False,False,False,True
1144,2012-09-29,2012,郑州富士康10月2日至10月5日面试，当天进厂，名额有限请及时报名面试。,regular/unspecified,False,False,False,False,True
1145,2012-10-03,2012,郑州富士康10月4日至10月12日面试，当天进厂，名额有限请及时报名面试。,regular/unspecified,False,False,False,False,True
1149,2012-10-11,2012,郑州富士康10月12日至13日面试，当天进厂，机会难得，请及时报名面试。,regular/unspecified,False,False,False,False,True
1150,2012-10-12,2012,郑州富士康10月16日面试，当天进厂，请及时报名面试。,regular/unspecified,False,False,False,False,True
1151,2012-10-16,2012,郑州富士康11月2号面试，仅此一天，按报名顺序进行面试。,regular/unspecified,False,False,False,False,True
1153,2012-10-30,2012,富士康科技集团2013届本硕毕业生校园招聘简章,regular/unspecified,False,False,False,False,True
1155,2012-10-30,2012,富士康郑州科技园2013届本硕毕业生校园招聘简章,regular/unspecified,False,False,False,False,True
1156,2012-11-03,2012,郑州富士康开始面试，按报名顺序进行面试。完全免费！,regular/unspecified,False,False,False,False,True
1182,2012-11-09,2012,今天面试（11月9号）直接进郑州厂区，仅此一天，请赶紧报名。,regular/unspecified,False,False,False,False,True
1183,2012-11-10,2012,郑州富士康按报名顺序面试，请提前报名，完全免费,regular/unspecified,False,False,False,False,True
1191,2012-11-13,2012,【紧急通知】：郑州富士康（11月14号）面试，直接进郑州厂区,regular/unspecified,False,False,False,False,True
1192,2012-11-14,2012,11月15日开始 郑州富士康按报名顺序面试，请提前报名，完全免费,regular/unspecified,False,False,False,False,True
1211,2013-02-02,2013,郑州富士康开始报名，名额有限，春节后按报名顺序面试,regular/unspecified,False,False,False,False,True
1261,2013-03-27,2013,郑州富士康3月29号开始招聘面试，名额有限！,regular/unspecified,False,False,False,False,True
1262,2013-04-18,2013,郑州富士康招聘面试延长，4月22号面试，直接进厂  ！,regular/unspecified,False,False,False,False,True
1283,2013-04-22,2013,郑州富士康最新招聘信息，4月23号至26号继续面试，当天进厂 ！,regular/unspecified,False,False,False,False,True
1287,2013-04-27,2013,郑州富士康最新招聘信息：5月14号继续面试，当天进厂,regular/unspecified,False,False,False,False,True
1288,2013-05-17,2013,郑州富士康最新招聘信息：招聘全面暂停，请提前报名。,regular/unspecified,False,False,False,False,True
1290,2013-06-13,2013,郑州富士康开始面试，因名额有限，6月14号面试一次,regular/unspecified,False,False,False,False,True
1293,2013-06-16,2013,郑州富士康厂区最新招聘信息,regular/unspecified,False,False,False,False,True
1300,2013-07-28,2013,郑州富士康最新招聘信息：有电子厂工作经验，优先录用。,regular/unspecified,False,False,False,False,True
1308,2013-08-15,2013,郑州富士康最新招聘信息：年龄16-40岁，官方免费直招,regular/unspecified,False,False,False,True,True
1318,2013-08-17,2013,8月19日郑州富士康最新招聘信息：继续面试，请网站报名,regular/unspecified,False,False,False,False,True
1319,2013-08-19,2013,8月20日郑州富士康最新招聘信息：继续面试，请网站报名,regular/unspecified,False,False,False,False,True
1320,2013-09-01,2013,郑州富士康最新招聘信息：周一至周六天天面试，请网站报名,regular/unspecified,False,False,False,False,True
1326,2014-05-05,2014,2014年5月 郑州富士康最新招聘信息，官方招聘,regular/unspecified,False,False,False,False,True
1330,2014-06-06,2014,郑州富士康6月最新招聘信息，官方招聘，不收任何费用,regular/unspecified,False,False,False,False,True
1331,2014-06-08,2014,6月郑州富士康招聘，当天面试免费进厂，12点前报到,regular/unspecified,False,False,False,False,True
1336,2014-06-25,2014,6月26日郑州富士康最新招聘信息，当天面试进厂，12点前报到,regular/unspecified,False,False,False,False,True
1341,2014-06-26,2014,6月28日郑州富士康最新招聘信息：12点前报到，当天面试进厂,regular/unspecified,False,False,False,False,True
1343,2014-06-28,2014,7月1日郑州富士康最新招聘信息：23-40周岁以上，天天面试,regular/unspecified,False,False,False,False,True
1344,2014-07-01,2014,7月2日郑州富士康最新招聘信息：23-40周岁以上，天天招聘,regular/unspecified,False,False,False,False,True
1346,2014-07-03,2014,7月3日郑州富士康招聘：23-40周岁以上，不收任何费用,regular/unspecified,False,False,False,False,True
1347,2014-07-04,2014,7月5日郑州富士康招聘：23-40周岁以上，官方直招，信誉保证,regular/unspecified,False,False,False,True,True
1348,2014-07-06,2014,7月7日郑州富士康招聘：网站报名的，请赶紧前来面试。,regular/unspecified,False,False,False,False,True
1349,2014-07-07,2014,7月12日郑州富士康招聘：18-40周岁，请赶紧在网站报名应聘,regular/unspecified,False,False,False,False,True
1357,2014-07-28,2014,10月郑州富士康最新招聘信息：17-45周岁，招聘不收任何费用,regular/unspecified,False,False,False,False,True
1352,2014-08-14,2014,8月16日郑州富士康最新招聘信息：17-45周岁，招聘正在进行,regular/unspecified,False,False,False,False,True
1353,2014-08-16,2014,8月19日郑州富士康最新招聘信息：17-45周岁，免费提供住宿,regular/unspecified,False,False,False,False,True
1355,2014-08-21,2014,8月23日郑州富士康最新招聘信息：招聘年龄调整到17-45周岁,regular/unspecified,False,False,False,False,True
1356,2014-08-25,2014,8月27日郑州富士康最新招聘信息，17-45周岁，名额有限,regular/unspecified,False,False,False,False,True
1368,2014-10-26,2014,10月28日郑州富士康最新招聘信息：年龄调整为18-35周岁,regular/unspecified,False,False,False,False,True
1325,2014-10-29,2014,郑州富士康2014年最新招聘信息：合作厂家天天面试,regular/unspecified,False,False,False,False,True
1371,2014-11-07,2014,郑州富士康最新招聘信息，iDS​BG事业群深圳招聘,regular/unspecified,False,False,False,False,True
1370,2015-01-01,2015,2015年郑州富士康最新招聘信息：开始招聘，请提前报名,regular/unspecified,False,False,False,False,True
1421,2015-01-18,2015,2015年郑州富士康最新招聘信息：郑州厂区正在招聘普工,regular/unspecified,False,False,False,False,True
1423,2015-01-21,2015,SHZBG 郑州富士康中高阶人力招募岗位汇总,regular/unspecified,False,False,False,False,True
1463,2015-03-26,2015,4月份郑州富士康最新招聘信息：年龄调整为18-45周岁,regular/unspecified,False,False,False,False,True
1522,2015-04-25,2015,"5月份郑州富士康最新招聘信息:取消笔试环节,年龄18-40",regular/unspecified,False,False,False,False,True
1530,2015-05-01,2015,郑州富士康招聘普工、技术工面试作业单,regular/unspecified,False,False,False,False,True
1538,2015-06-01,2015,6月郑州富士康最新招聘信息：郑州唯一直招点  大招普工,regular/unspecified,False,False,False,True,True
1539,2015-07-02,2015,7月郑州富士康最新招聘信息：大招开始，23-40周岁，当天进厂,regular/unspecified,False,False,False,False,True
1540,2015-07-31,2015,8月郑州富士康最新招聘信息：招聘年龄放宽至18-45周岁，当天进厂,regular/unspecified,False,False,False,False,True
1541,2015-09-04,2015,9月郑州富士康最新招聘信息：官方免费直招，当天进厂,regular/unspecified,False,False,False,True,True
1542,2015-10-06,2015,10月郑州富士康最新招聘信息：年龄调整为18-45周岁，当天进厂,regular/unspecified,False,False,False,False,True
1546,2016-01-07,2016,2016年郑州富士康最新招聘信息，郑州富士康招聘电话,regular/unspecified,False,False,False,False,True
1550,2016-04-24,2016,郑州富士康最新招聘信息：4月25号开始大量招聘,regular/unspecified,False,False,False,False,True
1551,2016-05-10,2016,郑州富士康最新招聘信息：5月开始18-45周岁,regular/unspecified,False,False,False,False,True
1724,2016-08-04,2016,郑州富士康招聘：8月招聘16-45周岁，富士康官网招聘,regular/unspecified,False,False,False,False,True
1727,2016-09-03,2016,郑州富士康9月招聘信息：16-45周岁，郑州富士康官方招聘,regular/unspecified,False,False,False,False,True
1728,2016-09-26,2016,10月郑州富士康继续招聘面试，请尽快在本官网上报名,regular/unspecified,False,False,False,True,True
1770,2016-11-01,2016,11月郑州富士康最新招聘信息，请提前报名 名额有限,regular/unspecified,False,False,False,False,True
1775,2016-12-01,2016,12月郑州富士康招聘：富士康招聘免费，年前最后一批招聘,regular/unspecified,False,False,False,False,True
1826,2017-04-11,2017,2017年4月郑州富士康最新招聘信息：开招啦！请赶紧报名,regular/unspecified,False,False,False,False,True
1828,2017-05-05,2017,2017年5月郑州富士康最新招聘信息：开招啦！请赶紧报名,regular/unspecified,False,False,False,False,True
1840,2017-05-26,2017,6月郑州富士康最新招聘信息：待遇优厚！请赶紧报名,regular/unspecified,False,False,False,False,True
1841,2017-07-07,2017,7月郑州富士康最新招聘信息：待遇增加，招聘条件放宽,regular/unspecified,False,False,False,False,True
1842,2017-08-07,2017,8月郑州富士康最新招聘信息：加大补贴，18-45岁,regular/unspecified,False,False,False,False,True
1847,2017-09-04,2017,9月郑州富士康最新招聘信息：年龄调整到16-50周岁,regular/unspecified,False,False,False,False,True
1848,2017-10-08,2017,10月郑州富士康最新招聘信息：自离、黑名单、纹身烟疤不再管控,regular/unspecified,False,False,False,False,True
1849,2017-11-01,2017,11月郑州富士康招聘狂欢节：丰厚旺季奖励等你拿！,regular/unspecified,False,False,False,False,True
1850,2017-12-07,2017,12月郑州富士康招聘，年终招聘盛典，丰厚旺季奖励等你拿！,regular/unspecified,False,False,False,False,True
1852,2018-01-03,2018,2018年郑州富士康最新招聘信息，2018年正月开始招聘，请提前报名,regular/unspecified,False,False,False,False,True
1857,2018-03-19,2018,2018年3月郑州富士康最新招聘信息，名额有限，待遇提高,regular/unspecified,False,False,False,False,True
1878,2018-04-24,2018,2018年4月郑州富士康最新招聘信息，富士康招聘,regular/unspecified,False,False,False,False,True
1890,2018-05-31,2018,6月郑州富士康最新招聘信息，郑州富士康怎么样？,regular/unspecified,False,False,False,False,True
1891,2018-07-16,2018,7月郑州富士康最新招聘信息，身份证消磁可以面试，外地自离不受时间限制,regular/unspecified,False,False,False,False,True
1892,2018-08-20,2018,8月郑州富士康最新招聘信息，补贴历史最高，自离不受时间限制,regular/unspecified,False,False,False,False,True
1893,2018-09-27,2018,10月郑州富士康最新招聘信息，富士康实时补贴返费，国庆节招聘,regular/unspecified,False,False,False,False,True
1934,2019-01-13,2019,2019年郑州富士康最新招聘信息,regular/unspecified,False,False,False,False,True
1936,2019-02-10,2019,郑州富士康正月初七正式招聘普工，请在本官网提前报名面试,regular/unspecified,False,False,False,False,True
1938,2019-03-07,2019,郑州富士康3月最新招聘信息，机会不容错过，请赶紧本官网报名面试,regular/unspecified,False,False,False,False,True
1939,2019-04-07,2019,郑州富士康4月最新招聘信息，提前报名，提前面试,regular/unspecified,False,False,False,False,True
1940,2019-05-06,2019,好消息：明天后天招聘品管职位，要求18-35岁，名额有限，必须提前报名,regular/unspecified,False,False,False,False,True
1942,2019-05-25,2019,​郑州富士康普通员工和残疾工招工政策，见习生招工政策，一次性奖励4000元,regular/unspecified,False,False,False,False,True
1941,2019-05-25,2019,郑州富士康6590元招收本科、大专、中专学历技工,regular/unspecified,False,False,False,False,True
1943,2019-06-11,2019,郑州富士康招聘年龄20-45岁，暑假工要求23岁以上，请抓紧时间报名,student/summer,False,False,False,False,True
1944,2019-07-25,2019,郑州富士康8月招聘年龄18-45岁，请抓紧时间提前报名，待遇优厚,regular/unspecified,False,False,False,False,True
1945,2019-09-04,2019,郑州富士康最新招聘信息，2019年招募即将结束，请尽快前来报名,regular/unspecified,False,False,False,False,True
1946,2019-09-05,2019,"富士康正式工2019年9月7日面试起，招募政策,打卡35天返费奖金4500",rebate-type dispatch,True,False,False,True,True
1947,2019-09-10,2019,郑州港区富士康紧急通知：本周只招募三天（周一至周三）周四停招,regular/unspecified,False,False,False,False,True
1948,2019-09-18,2019,郑州富士康周三继续面试，名额有限，请赶紧来报名,regular/unspecified,False,False,False,False,True
1949,2019-09-23,2019,郑州港区富士康通知：合伙人政策补贴改为35天3700元，本周只招三天,rebate-type dispatch,True,False,False,False,True
1950,2019-09-26,2019,好消息，郑州富士康国庆节增加招聘名额，接受预报名，名额有限,rebate-type dispatch,True,False,False,False,True
1952,2019-11-06,2019,郑州富士康招聘新到进厂名额，请明天（7号）赶紧来面试,regular/unspecified,False,False,False,False,True
1953,2019-11-13,2019,​郑州富士康合伙人计划开始招募，干满55天补贴4800元,rebate-type dispatch,True,False,False,False,True
1954,2019-11-13,2019,2020年郑州富士康开始招募本科生，大专生,regular/unspecified,False,False,False,False,True
1955,2019-11-19,2019,郑州富士康合伙人计划11月19日至11月23日限时报名，仅限本周,regular/unspecified,False,False,False,False,True
1956,2019-11-19,2019,2019年春节寒假工正式开始预约报名，报名时请备注放假时间,student/summer,False,False,False,False,True
1957,2019-12-22,2019,涨价了：短期工，寒假工，小时工每小时20元，直接到厂里面试，工资富士康直接打款,student/summer,False,False,False,False,True
1959,2019-12-23,2019,小时工，短期工，学生工，寒假工政策： 20元每小时,student/summer,False,False,False,False,True
1969,2019-12-28,2019,小时工，短期工，学生工，寒假工政策  1、20元每小时,student/summer,False,False,False,False,True
1970,2019-12-29,2019,最新政策:小时工，短期工，学生工，寒假工政策：  1、19元每小时,student/summer,False,False,False,False,True
1987,2019-12-29,2019,通知：郑州富士康目前缺口不是很大，随时可能停招，没来面试的工友尽快过来面试，高价小时工必须干到2.7号,regular/unspecified,False,False,False,False,True
1988,2020-01-27,2020,郑州富士康招聘做好新型冠状病毒感染的肺炎疫情防控工作,regular/unspecified,False,False,False,False,True
1989,2020-01-31,2020,2020年郑州富士康招聘延迟开展，具体开招时间将另行通知!请提前报名。,regular/unspecified,False,False,False,False,True
2014,2020-02-23,2020,2020年八大街富士康开始招工！,regular/unspecified,False,False,False,False,True
2015,2020-02-23,2020,2020年郑州富士康开招啦，工友们奖励拿到手软！入职奖励7250元,regular/unspecified,False,False,False,False,True
2007,2020-02-23,2020,郑州富士康，认真“富”工，抗“疫”成功,regular/unspecified,False,False,False,False,True
2041,2020-03-11,2020,郑州富士康招聘​通知：3.9号前报名的工友，还是执行7250元的返费政策,regular/unspecified,False,False,False,False,True
2054,2020-03-13,2020,​郑州富士康因疫情影响，最后两天高价，请尽快报名，报名时间截止到3.14号,regular/unspecified,False,False,False,False,True
2058,2020-03-16,2020,重磅！郑州富士康继续招聘，请工友们赶紧报名，待遇优厚，奖励多多,regular/unspecified,False,False,False,False,True
2059,2020-03-17,2020,残疾工友可以进郑州富士康了！郑州富士康开始招聘残疾工友，具体要求如下,regular/unspecified,False,False,False,False,True
2062,2020-05-19,2020,重磅！郑州富士康开始招聘，现接受网络预约报名，可快速入职,regular/unspecified,False,False,False,False,True
2109,2020-05-19,2020,郑州富士康招聘见习生、实习生同步招募,regular/unspecified,False,False,False,False,True
2110,2020-05-19,2020,郑州富士康招聘残疾工，残疾普工同步招募,regular/unspecified,False,False,False,False,True
2111,2020-07-08,2020,港区富士康，暑假工明天(7/10)为最后一天报到不卡学籍，周六日不招募不面试,student/summer,False,False,False,False,True
2112,2020-07-15,2020,学生工需要登录学信网，显示无学籍或已经毕业，并截图,student/summer,False,False,False,False,True
2113,2020-07-19,2020,富士康大量招学生，能干满一个月的学生工大量接收，每人持有短信即可面试,student/summer,False,False,False,False,True
2114,2020-07-28,2020,郑州富士康招聘凤还巢计划，老员工返厂取消试用期，入职资位为员1，底薪2100返费3600！,rebate-type dispatch,True,False,False,False,True
2115,2020-07-31,2020,郑州富士康8月大量招收正式工，实习生，年龄18-45 返费4000元，综合收入6000元以上,rebate-type dispatch,True,False,False,True,True
2116,2020-08-10,2020,高返费75天返费9000元！因为名额有限需要提前报名！直招的，收到通知直接到厂里面试，不通过中介，直接打款，有保障！,rebate-type dispatch,True,False,False,True,True
2117,2020-08-11,2020,郑州富士康周边部门QA明天(8月12号）招人，能赶到的女生抓紧时间吧，没报名的，现在还可以报,regular/unspecified,False,False,False,False,True
2118,2020-08-14,2020,郑州富士康8月14号最新招聘信息：高返费75天返费9000元！,rebate-type dispatch,True,False,False,True,True
2119,2020-08-15,2020,8月16日郑州富士康高返费接近尾声，现在报名下周过来面试还是75天9000元补贴，已经报名的工友赶紧来面试,rebate-type dispatch,True,False,False,False,True
2120,2020-08-19,2020,郑州富士康面试每天限制名额，9000元补贴，一定提前报名，按短信通知时间前来面试,rebate-type dispatch,True,False,False,False,True
2121,2020-08-20,2020,8月20号最新招聘通知：收到面试通知的工友，周五和周六尽快过来面试。下周返费会下调,rebate-type dispatch,True,False,False,False,True
2122,2020-08-25,2020,速看！郑州富士康最新招聘政策出勤55天，一次性发放8500元,rebate-type dispatch,True,False,False,True,True
2123,2020-09-03,2020,好消息，郑州富士康返费政策上调，打卡55天返费10000元！！能来的工友尽快报名,rebate-type dispatch,True,False,False,False,True
2124,2020-09-05,2020,明天(周日)正常面试，返费补贴55天10000元，下周一(9/7)下调为55天9500元，请抓紧时间报名并尽快参加面试！,rebate-type dispatch,True,False,False,False,True
2126,2020-09-07,2020,今天能来面试的一定下午4点前及时赶到，今天还是55天返费9500元，明天返费降为打卡55天8500元，观望等来的只能是政策下调，没报名的抓紧时间吧！,rebate-type dispatch,True,False,False,False,True
2127,2020-09-09,2020,郑州富士康合伙人求职者奖金自明天(9/10)起下调，已报名成功人员，请尽快于9月9日18:30前面试报到,regular/unspecified,False,False,False,False,True
2128,2020-09-11,2020,郑州港区富士康9.13号正常面试，打卡55天返费8000元，按短信通知面试，能来的赶紧报名吧！,rebate-type dispatch,True,False,False,False,True
2129,2020-09-17,2020,重磅！郑州富士康打卡55天，高返费10000元！明天（9月18）开始！直招的，收到通知直接到厂里面试，不通过中介，直接打款，有保障！,rebate-type dispatch,True,False,False,True,True
2130,2020-09-23,2020,紧急通知：港区富士康，返费政策即将下调，现在政策打卡55天，返费一万元，能来的小伙伴请尽快入职,rebate-type dispatch,True,False,False,False,True
2131,2020-09-25,2020,紧急通知  今天明天，最后两天返费一万元，后天开始返费8500元。,rebate-type dispatch,True,False,False,False,True
2132,2020-09-29,2020,郑州富士康国庆节假期招聘安排：9月30至10月1号放假两天，10月2号开始正常招募，打卡55天，返费9000元。,rebate-type dispatch,True,False,False,False,True
2133,2020-10-04,2020,好消息，港区富士康idpbg事业群返费最高价再次来袭，打卡55天返费1万元，没报名的赶紧报名，报过名的尽快过来面试！,regular/unspecified,False,False,False,False,True
2134,2020-10-13,2020,注意了：返费1万元政策需要打卡55天，在职90天，想年前拿到返费的工友需要尽快报名面试了！！,regular/unspecified,False,False,False,False,True
2135,2020-10-16,2020,紧急通知！明天10/17是打卡55天返费10000元，最后一天，没报名的抓紧时间报名，报过名的尽快前来面试，下周政策下调,rebate-type dispatch,True,False,False,False,True
2136,2020-10-18,2020,10月18日富士康招募接近尾声，现在招募是补缺阶段，趁疫情还没来临，年前还能拿到返费，请尽快入职,regular/unspecified,False,False,False,False,True
2137,2020-10-24,2020,郑州富士康招聘今天开始返费8500元，请报名的赶紧来面试，没报名的赶紧报名,rebate-type dispatch,True,False,False,False,True
2138,2020-11-07,2020,郑州富士康明天起招聘面试返费上调至9000元，公司储备人力，望广大工友尽快入职,regular/unspecified,False,False,False,False,True
2139,2020-11-14,2020,11.15日起返费政策上调至1万元，年前能拿到返费3000元哦，年前返费2.8号发放，不限制打卡时间，年后再来干一个月还能拿7000元！！,rebate-type dispatch,True,False,False,False,True
2140,2020-11-27,2020,郑州富士康招募新政策，年龄18-48岁，名额有限，请抓紧时间报名,regular/unspecified,False,False,False,False,True
2141,2020-12-10,2020,以前缴过社保，只要现在没有缴纳的工友，都可以领取失业金，领几千块钱失业补贴，没领取的请联系王主管18638548171,regular/unspecified,False,False,False,False,True
2142,2020-12-12,2020,港区富士康合伙人政策再次来袭，打卡55天返费7500，上次没赶上的抓紧时间报名吧,rebate-type dispatch,True,False,False,False,True
2143,2020-12-24,2020,郑州富士康2021年最新招聘信息，春节高额奖金激励3600元，机会难得,regular/unspecified,False,False,False,False,True
2144,2021-01-04,2021,2021年寒假工郑州富士康最新招聘信息，高额奖金激励3000元，机会难得,student/summer,False,False,False,True,True
2145,2021-01-15,2021,郑州富士康本周日(1/17)政策即将调整，能来的工友请抓紧时间报名,regular/unspecified,False,False,False,False,True
2146,2021-01-17,2021,紧急通知：郑州富士康预计下周五(1/22日)停招，没报名的工友请抓紧时间报名,regular/unspecified,False,False,False,False,True
2147,2021-01-30,2021,2021年2月郑州富士康最新招聘安排，寒假工最后一天，内部推荐正常面试,student/summer,False,False,False,False,True
2148,2021-02-14,2021,郑州富士康招聘2021年正月初八火热开招，正式工离职返聘正月初八开招,regular/unspecified,False,False,False,True,True
2171,2021-03-02,2021,2021年3月郑州富士康见习生招募：年龄18-25岁，底薪2100+300，综合工资4500左右。打卡55天在职90天返费4500，名额有限,rebate-type dispatch,True,False,False,False,True
2172,2021-03-11,2021,郑州富士康2021年3月正式工火热开启，返费待遇优厚，火速报名,rebate-type dispatch,True,False,False,True,True
2173,2021-03-27,2021,郑州富士康2021年4月正式工继续招聘，高额返费待遇优厚，在线快速报名,regular/unspecified,False,False,False,True,True
2174,2021-03-31,2021,郑州富士康大专本科生开始招募了，资位见习员3，岗位：技工，生技，设备，文员，管理岗位,regular/unspecified,False,False,False,False,True
2175,2021-04-03,2021,郑州富士康普工返费工返费5500 元，见习生，技工，管理岗同步招募，政策如下,rebate-type dispatch,True,False,False,False,True
2176,2021-04-26,2021,新郑港区富士康增加小时工模式，每小时25元，周期到5月31日，机不可失,regular/unspecified,False,False,False,False,True
2177,2021-05-21,2021,郑州富士康下周只招募50人周边部门,regular/unspecified,False,False,False,False,True
2179,2021-06-07,2021,港区富士康返费工涨价了：打卡55天在职90天返费6000元,rebate-type dispatch,True,False,False,False,True
2178,2021-06-07,2021,郑州富士康暑假工政策：年龄18-25岁，底薪2100+300综合工资4500-5000,student/summer,False,False,False,False,True
2180,2021-06-11,2021,暑假工综合收入：4500-5000元，郑州富士康返费工涨价了，干满四个月返费8500元,rebate-type dispatch,True,False,False,False,True
2181,2021-06-23,2021,郑州富士康返费工涨价了：干满四个月返费8500元，小伙伴们抓紧时间报名了！,rebate-type dispatch,True,False,False,False,True
2182,2021-06-24,2021,紧急通知：学生工、暑假工开放100个名额，这两天能来的同学抓紧时间报名,student/summer,False,False,False,False,True
2183,2021-07-28,2021,郑州富士康8月招聘，能来的工友尽快了，持续降价，三个月返费8500元,hourly-type dispatch,True,True,False,False,True
2184,2021-07-31,2021,今日，郑州富士康经开区富士康小时工，每小时28元，没来的小伙伴不要错过吆！,regular/unspecified,False,False,True,False,True
2185,2021-08-06,2021,郑州富士康最新招聘信息：求职者奖金在职90天以上，入职奖励金8500-9500元,rebate-type dispatch,True,False,False,False,True
2186,2021-08-15,2021,郑州富士康最新：即日起，在职90天，总奖金高达12000元（含疫情交通补贴2000元）,regular/unspecified,False,False,False,False,True
2187,2021-10-14,2021,郑州富士康最新招募信息：新郑港区或八大街厂区月底前会有少量名额，没报名的工友请抓紧时间报名，具体面试时间会以短信方式通知！,regular/unspecified,False,False,False,False,True
2188,2021-11-05,2021,港区富士康价格暴涨，明天面试起，打卡55天在职90天返费8500元，名额不多，招满即停，大家不要错过了！,rebate-type dispatch,True,False,False,False,True
2189,2021-11-12,2021,港区富士康价格暴涨，最后两天，打卡55天在职90天返费9500元，名额不多，招满即停，大家不要错过了！,rebate-type dispatch,True,False,False,False,True
2190,2021-11-20,2021,港区富士康招聘最新返费价格，打卡55天在职90天返费9500元，名额不多，招满即停，大家不要错过了！,rebate-type dispatch,True,False,False,False,True
2191,2022-01-03,2022,郑州富士康2022年1月4号开始招募正式工，年龄18-45岁，仅有1000人名额,student/summer,False,False,False,True,True
2192,2022-01-20,2022,郑州富士康初4开始招募，请大家踊跃报名，因疫情原因，需要系统审核通过后方能面试，请网上报名后等通知，具体面试要求及政策会第一时间短信通知,regular/unspecified,False,False,False,False,True
2193,2022-02-03,2022,郑州富士康2022年正月初四正式开招，工友们赶紧来报名吧，福利多多,regular/unspecified,False,False,False,False,True
2194,2022-02-04,2022,残疾工开始招募，残疾类别：听力语言残疾（懂手语），轻度肢体残疾，双手正常，工资4000左右，返费8500元，名额有限请抓紧时间报名审核,rebate-type dispatch,True,False,False,False,True
2195,2022-02-16,2022,郑州富士康经开区富士康开启小时工模式，26元每小时，机会难得，快来报名,regular/unspecified,False,False,True,False,True
2196,2022-02-18,2022,郑州富士康招募接近尾声，明天高价最后一天，能来的工友抓紧时间报名吧！,regular/unspecified,False,False,False,False,True
2197,2022-03-06,2022,郑州富士康最新招募：小时工：20.5元/小时，正式工返费8500元,hourly-type dispatch,True,True,False,True,True
2198,2022-05-21,2022,郑州富士康开启大规模普工招聘，同时招募大量招聘学生工，暑假工,student/summer,False,False,False,False,True
2199,2022-05-24,2022,郑州富士康经开区、港区富士康普工招聘，同时招聘学生工，暑假工,student/summer,False,False,False,False,True
2231,2022-05-29,2022,郑州富士康招聘暑假工，学生工，暑假见习生，紧急报名！,student/summer,False,False,False,False,True
2232,2022-06-01,2022,倒计时！郑州富士康、新郑富士康、港区富士康、经开区富士康招聘暑假工，学生工，暑假见习生,student/summer,False,False,False,False,True
2234,2022-06-06,2022,暑假工报名倒计时！郑州富士康、新郑富士康、港区富士康、经开区富士康招聘暑假工，学生工，暑假见习生,student/summer,False,False,False,False,True
2235,2022-06-08,2022,重磅！正式工招聘提高返费！郑州富士康、新郑港区富士康、经开区富士康,regular/unspecified,False,False,False,True,True
2236,2022-06-10,2022,暑假工提前报名锁定进厂名额，郑州富士康、新郑富士康、港区富士康、经开区富士康招聘暑假工，学生工，暑假见习生,student/summer,False,False,False,False,True
2237,2022-06-20,2022,重奖8500元！正式工招聘提高返费！郑州富士康、新郑港区富士康、经开区富士康,regular/unspecified,False,False,False,True,True
2239,2022-06-30,2022,高价返费正式工、小时工、返费工郑州富士康、新郑港区富士康、经开区富士康,regular/unspecified,False,False,False,True,True
2240,2022-07-17,2022,郑州富士康招聘返费暴涨，工友们赶紧报名，机会难得，错过等明年,regular/unspecified,False,False,False,False,True
2242,2022-08-01,2022,学生工、暑假工招募5天，小时工薪资暴涨，返费10000元，机会难得，错过等一年,rebate-type dispatch,True,False,False,False,True
2241,2022-08-01,2022,港区富士康 iDPBG 8月1日开始招募小时工暴涨，返费10000元（不查学生，学生招5天）,rebate-type dispatch,True,False,False,False,True
2243,2022-08-08,2022,郑州富士康招聘最新：返费工10000元，小时工每小时31元，错过再等一年，机会难得,rebate-type dispatch,True,False,False,False,True
2244,2022-08-15,2022,郑州富士康招聘最新：返费工又涨1000元高达11000元，小时工每小时33元，历史最高记录,rebate-type dispatch,True,False,False,False,True
2245,2022-09-16,2022,郑州富士康开招啦，返费8500元，名额有限，提前报名可锁定名额，工友们抓紧了,rebate-type dispatch,True,False,False,False,True
2246,2022-10-04,2022,郑州富士康IDPBG郑州退役军人特招，请赶紧报名，机会难得,regular/unspecified,False,False,False,False,True
2248,2022-11-07,2022,郑州富士康启动招工，小时工价30元/时，只招省内，河南省外停止招工，可以提前报名,hourly-type dispatch,False,True,False,False,True
2249,2022-11-12,2022,郑州富士康启动招工，火热开招，小时工价30元每小时,hourly-type dispatch,False,True,False,False,True
2250,2022-11-21,2022,省外低风险区域，无河南省内规迹，11月23日12点前能到洛阳隔离的工友，请尽快报名，名额有限！,regular/unspecified,False,False,False,False,True
2251,2022-11-23,2022,郑州富士康只招河南省内，河南省外工友以及有河南省外轨迹者，即日起停招！,regular/unspecified,False,False,False,False,True
2252,2022-11-27,2022,2023年1月郑州富士康招聘 iDPBG最新激励政策，隔离公假:全薪，不影响责任制奖金或技术津贴,regular/unspecified,False,False,False,False,True
2253,2022-11-28,2022,郑州富士康（港区富士康）火热开招25000元/2个月，历史最高薪资，必须提前网上报名,regular/unspecified,False,False,False,False,True
2255,2022-12-04,2022,2023年郑州富士康小时工（派遣工）开招，每月13000元以上，名额有限，网上报名优先,regular/unspecified,False,False,True,False,True
1899,2022-12-16,2022,富士康招聘简章,regular/unspecified,False,False,False,False,True
2282,2022-12-25,2022,2023年郑州富士康派遣工正式开招，入职奖励8000元，新年大礼包最高6000元，当月发放（小时工暂停）,regular/unspecified,False,False,True,False,True
2286,2023-01-20,2023,2023年郑州富士康最新招聘：郑州经开区富士康初六开始招募正式工,regular/unspecified,False,False,False,True,True
2287,2023-02-05,2023,郑州富士康招聘剩余名额有限，能来的工友赶紧报名面试，错过等半年,regular/unspecified,False,False,False,False,True
2290,2023-03-08,2023,郑州富士康港区富士康本周五（3月10日）开招，返费5400，名额有限，需要提前在线报名，请工友把握机会,rebate-type dispatch,True,False,False,False,True
2317,2023-04-02,2023,2023年4月3日郑州富士康开始招聘，名额有限，需要提前网络报名，工作难找，且找且珍惜,regular/unspecified,False,False,False,False,True
2318,2023-04-27,2023,郑州富士康5月开始大量招聘，工友们抓住机会，返费2500元,rebate-type dispatch,True,False,False,False,True
2351,2023-05-05,2023,新政策，新起点！广大工友的福音来了，郑州富士康5月5号开始，正式工返费5400元，大量招聘,rebate-type dispatch,True,False,False,True,True
2357,2023-05-07,2023,火爆开招！郑州富士康小时工、返费工火爆开招，下方官网报名，按报名顺序录取,regular/unspecified,False,False,False,False,True
2373,2023-05-28,2023,郑州富士康5月29号开始，奖金加码3500元，小时工22元/小时，提前报名锁定名额,hourly-type dispatch,False,True,False,False,True
2374,2023-06-22,2023,郑州富士康两大厂区，端午节后继续招聘，小时工、返费工、短期学生工持续招聘中,hourly-type dispatch,True,True,False,False,True
2376,2023-07-02,2023,郑州富士康小时工社会工涨价了，24元每小时，学生工少量，需要抢名额,student/summer,False,False,False,False,True
2378,2023-07-07,2023,涨价！郑州富士康继续招收小时工，赶紧报名，珍惜机会,student/summer,False,False,False,False,True
2379,2023-07-20,2023,郑州富士康明日起年龄放宽，男50岁，女49岁，就业难，把握机会,regular/unspecified,False,False,False,False,True
2380,2023-07-23,2023,涨价了、涨价了，郑州富士康港区 iDPBG 7月24日 招募政策,regular/unspecified,False,False,False,False,True
2381,2023-07-24,2023,18-20岁的学生工可以入职的，纯小时工，21元每小时，要求至少干15天，能来的同学抓紧时间,student/summer,False,False,False,False,True
2382,2023-08-04,2023,涨价了，涨价了，8/5日起政策上调，政策为全年最高价8000元，不要错过入职最佳时间！,rebate-type dispatch,True,False,False,False,True
2383,2023-08-14,2023,涨价了，涨价了，8/14日起政策上调，政策为全年最高价8500元，不要错过入职最佳时间！,rebate-type dispatch,True,False,False,False,True
2384,2023-08-20,2023,重磅！！！郑州富士康差价补贴加大力度，补贴到10月31号，为全年最高价8500元，不要错过入职最佳时间！,rebate-type dispatch,True,False,False,False,True
2385,2023-08-25,2023,紧急通知！！！郑州富士康招聘本周最后两天高价，进厂的工友抓紧时间报名面试,regular/unspecified,False,False,False,False,True
2386,2023-09-19,2023,"富士康开招了！返费7500+ 小时25,春节前最后一波高价",rebate-type dispatch,True,False,False,False,True
2387,2023-10-06,2023,紧急！！！郑州港区富士康8500元，高价最后两天，能来的工友抓紧时间报名，八号以后政策大幅度下调,regular/unspecified,False,False,False,False,True
2389,2023-10-22,2023,"郑州富士康短期工调整工期至 11月30 日,市场各大企业降价风波已开始,已有多企业开始下调政策或暂停",short-term,False,False,False,False,True
2406,2023-12-28,2023,郑州富士康八大街富士康28号开招，见习生、返费工、小时工，统统都有，限制名额，提前报名锁定机会,hourly-type dispatch,False,True,False,False,True
2407,2024-02-12,2024,郑州富士康2024年第一弹：正月初四开招，旺季激励奖金：高至8000元,hourly-type dispatch,False,True,False,False,True
2409,2024-02-14,2024,2025年郑州富士康八大街富士康蛇年开招，激励奖金暴涨，机会难得,regular/unspecified,False,False,False,False,True
2410,2024-03-08,2024,重磅利好！！！郑州富士康港区富士康，返费工，新、老派遣工开始招募，挣钱要趁早,regular/unspecified,False,False,True,False,True
2411,2024-03-30,2024,郑州富士康A事业群4月新增小时模式，组装车间干净整洁 工作轻松活好干,regular/unspecified,False,False,True,False,True
2412,2024-04-05,2024,郑州富士康清明假期招聘不停，返费工小时工，暑假工返费最高,student/summer,False,False,False,False,True
2413,2024-04-21,2024,郑州富士康小时工火爆开招，名额有限，需要提前报名，否则无法面试,regular/unspecified,False,False,False,True,True
2414,2024-04-22,2024,报名提醒：想面试郑州富士康小时一定提前报名，否则无法面试,regular/unspecified,False,False,False,True,True
2416,2024-05-12,2024,重磅利好！郑州富士康最新招聘政策发布，返费工，小时工薪资大幅提升,regular/unspecified,False,False,False,False,True
2417,2024-05-13,2024,重磅利好！郑州富士康新增短期小时工，干1个月即可拿到高价工资，其它模式工资也相应提高,regular/unspecified,False,False,False,False,True
2418,2024-06-18,2024,重磅通知！郑州富士康 A事业群火热开招,regular/unspecified,False,False,False,False,True
2419,2024-06-29,2024,重磅！郑州富士康暑假工、学生工、短期工，开招，名额非常稀缺，提前报名锁定名额,student/summer,False,False,False,False,True
2420,2024-06-29,2024,刚改的政策！工友们跟上节奏，郑州富士康暑假工、学生工、短期工，机会是拿抢来的，不是等来的,student/summer,False,False,True,False,True
2421,2024-07-09,2024,"扩招了！扩招了！港区富士康年龄18-48岁,有收入心不慌，提前入职就是提前拿钱",regular/unspecified,False,False,True,False,True
2422,2024-07-15,2024,濮阳市、安阳市、焦作这三个地区的工友，请赶紧报名，有高薪进厂名额，就3天时间，赶紧找客服报名,regular/unspecified,False,False,True,False,True
2423,2024-07-18,2024,重磅更新！郑州港区富士康改政策啦！价格变化,regular/unspecified,False,False,True,True,True
2424,2024-07-28,2024,重磅！暴涨一周！旺季来临，港区富士康，八大街富士康，抢名额了,regular/unspecified,False,False,False,False,True
2425,2024-07-31,2024,今天价格又涨了300元，小时工最高26元每小时，郑州富士康最新招聘信息今天,hourly-type dispatch,False,True,False,False,True
2426,2024-08-03,2024,"明天又涨价了，直招补贴8000元，小时工26元,郑州富士康最新招聘信息今天",hourly-type dispatch,False,True,False,True,True
2427,2024-08-07,2024,突发！学生也可以进了，暑假还可以干20天，郑州富士康招聘按天结算,hourly-type dispatch,False,True,False,True,True
2428,2024-08-24,2024,还剩6天！郑州富士康年前最后一波高返费9000元，仅一周，你还等什么？,rebate-type dispatch,True,False,False,False,True
2429,2024-08-27,2024,还剩5天，年前最高价！郑州富士康返费9000元，你还等什么？,rebate-type dispatch,True,False,False,False,True
2430,2024-08-28,2024,还剩4天，年前最高价！郑州富士康返费9000元，你还等什么？,rebate-type dispatch,True,False,False,False,True
2432,2024-08-30,2024,还剩2天，年前最高价！郑州富士康返费9000元，你还等什么？,rebate-type dispatch,True,False,False,False,True
2433,2024-08-31,2024,还剩最后1天，年前最高价！郑州富士康返费9000元，你还等什么？,rebate-type dispatch,True,False,False,False,True
2434,2024-09-01,2024,倒计时7天！郑州富士康高返费收尾阶段，补贴8500元，全网最高,regular/unspecified,False,False,False,False,True
1901,2024-09-02,2024,郑州富士康招聘面试流程以及心理测试,regular/unspecified,False,False,False,False,True
1556,2024-09-05,2024,紧急通知 郑州富士康明日（9月6号）起政策下调，请抓紧今日报名面试，补贴7800元，开始限制名额，先报名先得,regular/unspecified,False,False,False,False,True
2435,2024-09-05,2024,紧急通知 郑州富士康明日（9月6号）起政策下调，请抓紧今日报名面试，补贴8500元，开始限制名额，先报名先得。,regular/unspecified,False,False,False,False,True
2436,2024-09-05,2024,紧急通知 郑州富士康（9月6号）起政策下调，请抓紧今日报名面试，补贴7800元，开始限制名额，先报名先得,regular/unspecified,False,False,False,False,True
2437,2024-09-12,2024,郑州富士康A事业群（9月12号）继续维持高价7300元，请抓紧报名面试，限制名额，本轮招工接近尾声了，即将停招,rebate-type dispatch,True,False,False,False,True
2439,2024-09-14,2024,新政策！中秋节不打烊，郑州富士康A事业群（9月15号）继续维持高价7300元，小时工补贴时间变长,rebate-type dispatch,True,False,False,False,True
2440,2024-09-16,2024,中秋节不打烊，郑州富士康A事业群（9月16号）继续维持高价7300元，小时工补贴时间变长,rebate-type dispatch,True,False,False,False,True
2441,2024-09-19,2024,郑州富士康返费上调三天！9月19号开始！高价7800元，小时工补贴时间变长,rebate-type dispatch,True,False,False,False,True
2450,2024-09-21,2024,郑州富士康22号开始正常大量招募！仍然维持高价返费7800元，抓住机会上车,rebate-type dispatch,True,False,False,False,True
2459,2024-09-22,2024,国庆节赚高额加班费!郑州富士康招聘国庆节不休息，大量招募，仍然维持高价返费,regular/unspecified,False,False,False,False,True
2460,2024-09-25,2024,紧急通知：郑州富士康A事业群，29号要停招了，还剩几天时间了，赶紧进厂,regular/unspecified,False,False,False,False,True
2461,2024-09-29,2024,郑州富士康从今天起(9/29)，暂停招募面试一周！  10月4号（周五）正式开招，假期这几天，可以提前先在网站报名，提前锁定名额,regular/unspecified,False,False,False,False,True
2463,2024-10-02,2024,郑州富士康10月3号开招啦！！！4号5号报名入职的，年前就可以拿到高返费,regular/unspecified,False,False,False,False,True
2464,2024-10-04,2024,2024年国庆节5号开始新政策！郑州富士康招聘信息最新招聘2024,regular/unspecified,False,False,False,False,True
2465,2024-10-07,2024,2024年国庆节结束！8号开始大量招聘啦！郑州富士康招聘信息最新招聘2024,regular/unspecified,False,False,False,False,True
2471,2024-10-09,2024,郑州富士康招聘面试AI形体检测试运行通知,regular/unspecified,False,False,False,False,True
2472,2024-10-11,2024,郑州富士康本周六周日（2024年10月12、13号）不休息，继续招聘，奖励政策不变，请赶紧报名入职,rebate-type dispatch,True,False,False,False,True
2477,2024-10-14,2024,2024年周一，郑州富士康继续直招，入职奖励维持高价，赶紧报名啦！,rebate-type dispatch,True,False,False,True,True
2478,2024-10-15,2024,2024年10月15日郑州富士康招聘，返费奖励政策更新，请及时查看报名,rebate-type dispatch,True,False,True,True,True
2479,2024-10-20,2024,郑州富士康暂停招聘，请提前找客服报名排队，开招后可以第一时间入职,rebate-type dispatch,True,False,True,True,True
2483,2024-12-12,2024,重磅！2025年前郑州富士康最新招聘信息，确定了16号开招，现在开始接受提前预约报名,regular/unspecified,False,False,False,True,True
2484,2024-12-14,2024,2025年郑州富士康留任政策，老员工薪资待遇丰厚,regular/unspecified,False,False,True,False,True
2485,2024-12-15,2024,2025年前郑州富士康港区富士康小时工返费工16号火热开招，学生工请加微信群,student/summer,False,False,False,True,True
2486,2024-12-20,2024,2025年前20号，郑州富士康高价小时工、返费工继续招聘，机会难得,regular/unspecified,False,False,False,True,True
2487,2024-12-21,2024,大利好！郑州富士康大幅上调返费高达6300元，小时工最高达25元每小时,hourly-type dispatch,True,True,False,True,True
2488,2024-12-23,2024,为什么选择2025年前来郑州富士康？,short-term,False,False,False,False,True
2490,2024-12-25,2024,2025年前郑州富士康招聘又涨价了，6500元，小时工26元每小时,hourly-type dispatch,False,True,False,True,True
2521,2024-12-26,2024,2025年前郑州富士康奖金暴涨，小时工加码，离职费用结清，拿钱回家过年,hourly-type dispatch,False,True,False,False,True
2522,2024-12-29,2024,暴涨7600元，郑州富士康招聘返费已涨停！抓住最后机会，赚钱不耽误回家过年,regular/unspecified,False,False,False,False,True
2523,2024-12-30,2024,高返费倒计时6天！郑州富士康招聘返费价格已达顶峰，年后招工还很远，不确定因素多，抓住机会莫等闲，年后无此价,regular/unspecified,False,False,False,False,True
2525,2025-01-01,2025,2025年郑州富士康招聘高返费倒计时3天！最后一波高价格，把握住机会。,hourly-type dispatch,False,True,True,True,False
2524,2025-01-01,2025,倒计时4天！郑州富士康招聘高返费已达顶峰，2025年元旦继续招聘，好机会,hourly-type dispatch,False,True,True,True,False
2526,2025-01-02,2025,2025年郑州富士康最新招聘信息：高返费倒计时2天！能来的赶紧来，莫等闲,hourly-type dispatch,False,True,True,True,False
2527,2025-01-03,2025,2025年前郑州富士康最后一波高价仅剩最后几天！,hourly-type dispatch,True,True,True,True,False
2528,2025-01-04,2025,突发！限时政策8700元，2025年郑州富士康最新招聘信息：2025年最高价仅剩最后几天！招满即停,hourly-type dispatch,True,True,True,True,False
2529,2025-01-07,2025,今天仍然维持高价8700元，2025年郑州富士康最新招聘政策，2025年最高价招满即停！,hourly-type dispatch,True,True,True,True,False
2530,2025-01-08,2025,8号寒假工重磅来袭，额外补贴800元，2025年郑州富士康寒假工最新招募政策，返费工、小时工继续高价8700元,hourly-type dispatch,True,True,True,True,False
2531,2025-01-09,2025,紧急！寒假工赶紧入职！河南高校放假，放假人数310万，受此影响，市场价格即将下调,hourly-type dispatch,True,True,True,True,False
2533,2025-01-11,2025,寒假工补贴大涨价2400元！2025年郑州富士康寒假工补贴突然暴涨，工友们不要再等了，跟上节奏,hourly-type dispatch,True,True,True,True,False
2534,2025-01-13,2025,2025年郑州富士康最新招聘信息：寒假工补贴暴涨2400元，工友们能入职的尽快报名,hourly-type dispatch,True,True,True,True,False
2536,2025-01-15,2025,爆了！郑州富士康短期工（学生工，社会工都可以）大涨价！补贴1000元，历史最高价！,hourly-type dispatch,False,True,True,True,False
2532,2025-01-16,2025,2025年郑州富士康招聘寒假工、学生工，价格暴涨，能入职的赶紧报名，年前最后机会,hourly-type dispatch,True,True,True,True,False
2537,2025-01-16,2025,寒假工爆涨2400元！年龄放宽到50岁，郑州富士康寒假短期工大涨价补贴2400元！快来薅羊毛，就几天时间,hourly-type dispatch,True,True,True,True,False
2541,2025-01-18,2025,郑州富士康招聘短期工、寒假工、返费工、小时工最新政策，寒假工补贴1800元，返费工高达8000元,hourly-type dispatch,True,True,True,True,False
2544,2025-01-25,2025,2025年春节郑州富士康最新招聘招募信息，2月2日（正月初五）正式开招,regular/unspecified,False,False,True,True,False
2546,2025-01-31,2025,"2025年郑州富士康春节最新招募政策： 返费工直招补贴7800元,小时工最高26元/小时",hourly-type dispatch,False,True,True,True,False
2548,2025-02-06,2025,火热招聘中！2025年郑州航空港区富士康最新招聘招募信息，7号继续招聘，高价返费工小时工，联系客服可以快速入职,hourly-type dispatch,True,True,True,True,False
2549,2025-02-08,2025,降价来袭！2025年郑州富士康最新招聘信息，请近期打算进厂的赶紧报名，别错过高价时机,hourly-type dispatch,True,True,True,True,False
2550,2025-02-10,2025,10号返费价格发布！2025年郑州富士康最新招聘招募信息，目前就是高价机会，能来的小伙伴赶紧报名了,hourly-type dispatch,True,True,True,True,False
2551,2025-02-11,2025,11号价格发布……2025年郑州富士康最新招聘信息，郑州富士康返费工小时工,hourly-type dispatch,True,True,True,True,False
2552,2025-02-12,2025,明天13号开始降价，2025年郑州富士康最新招聘信息，能来的小伙伴赶紧报名,hourly-type dispatch,True,True,True,True,False
2554,2025-02-13,2025,13号返费价格发布……2025年郑州富士康最新招聘信息，郑州富士康返费工小时工,hourly-type dispatch,True,True,True,True,False
2555,2025-02-14,2025,14号返费价格更新发布……2025年郑州富士康最新招聘信息，有高价返费工、小时工，价格持续调整中,hourly-type dispatch,True,True,True,True,False
2561,2025-02-16,2025,16号开始价格调整……2025年郑州富士康最新招聘招募信息，价格持续下调，名额限制，想入职的抓紧机会,hourly-type dispatch,True,True,True,True,False
2563,2025-02-19,2025,19号郑州富士康招聘招募信息返费价格发布……计划入职的小伙伴，抓紧时间报名，名额有限,hourly-type dispatch,True,True,True,True,False
2564,2025-02-23,2025,重要通知！下周招募开启时间待定……请大家提前报名，锁定名额，收藏本站，或者关注公众号，会第一时间收到招聘信息,regular/unspecified,False,False,True,True,False
2567,2025-03-15,2025,开招啦！郑州富士康招工最新招聘信息，3月17开始招募，请提前线上报名面试，锁定名额,hourly-type dispatch,True,True,True,True,False
2570,2025-03-23,2025,24号上调价格，郑州富士康招工最新招聘信息，名额有限，请提前线上报名面试，锁定名额,hourly-type dispatch,True,True,True,True,False
2571,2025-04-25,2025,紧急通知！郑州富士康下周招募开启……请大家提前报名，锁定名额，收藏本站，或者关注公众号，会第一时间收到招聘信息,hourly-type dispatch,True,True,True,True,False
2572,2025-04-26,2025,开始了！郑州富士康招工最新招聘信息，提前报名锁定名额，想进富士康的机会来了，高价格返费工小时工,hourly-type dispatch,True,True,True,True,False
2574,2025-05-03,2025,假期不停！5月4号郑州富士康招工最新招聘信息，提前报名锁定名额，高价格返费工小时工,hourly-type dispatch,True,True,True,True,False
2575,2025-05-15,2025,重磅！贸易战获胜，郑州富士康返费大涨，5月16号开始，你提前报名了吗？,hourly-type dispatch,True,True,True,True,False
2576,2025-05-16,2025,5月17号周六不休息，郑州富士康普工招聘招募返费工、小时工、政策发布，继续高价招工,hourly-type dispatch,True,True,True,True,False
2577,2025-05-19,2025,5月19号最新政策发布，郑州富士康最新普工招聘招募返费工、小时工，继续高价招工,hourly-type dispatch,True,True,True,True,False
2578,2025-06-02,2025,大涨价！5月22号最新政策发布，郑州富士康最新普工招聘招募返费工、小时工，继续高价招工,hourly-type dispatch,True,True,True,True,False
2579,2025-06-02,2025,5月27号最新政策发布，郑州富士康最新普工招聘招募返费工、小时工，富士康招募中心郑州港区富士康继续高价招工,hourly-type dispatch,True,True,True,True,False
2580,2025-06-02,2025,"5月30号,短期工开招！最新政策发布，郑州富士康最新普工招聘招募返费工、小时工，富士康招募中心郑州港区富士康继续高价招工",hourly-type dispatch,True,True,True,True,False
2581,2025-06-02,2025,"端午节不休息！6月1号,短期工继续大招！郑州富士康最新普工招聘招募返费工、小时工，富士康招募中心郑州港区富士康继续高价招工",hourly-type dispatch,True,True,True,True,False
2583,2025-06-05,2025,"6月5号,返费工继续招募！不过需要提前报名抢名额，郑州富士康最新普工招聘招募返费工、小时工，富士康招募中心郑州港区富士康继续高价招工",hourly-type dispatch,True,True,True,True,False
2584,2025-06-09,2025,"6月9号,返费工小时工继续招募！暑假工返费工小时工，不过需要提前报名抢名额，郑州富士康最新普工招聘招募返费工、小时工，富士康招募中心郑州港区富士康继续高价招工",hourly-type dispatch,True,True,True,True,False
2586,2025-06-14,2025,"6月15号,暑假工返费工小时工，能来的赶紧联系客服，政策随时变化，郑州富士康最新普工招聘招募返费工、小时工，富士康招募中心郑州港区富士康",hourly-type dispatch,True,True,True,True,False
2589,2025-06-24,2025,"6月24号最新,郑州富士康招聘招募学生工暑假工短期工，需要提前报名抢名额,报名联系客服",hourly-type dispatch,True,True,True,True,False
2590,2025-07-02,2025,"7月3号最新,郑州富士康招聘招募暑假工短期工返费工，需要提前报名抢名额,报名联系客服",hourly-type dispatch,True,True,True,True,False
2585,2025-07-05,2025,"6月10号,暑假工返费工小时工，能来的赶紧联系客服，郑州富士康最新普工招聘招募返费工、小时工，富士康招募中心郑州港区富士康",hourly-type dispatch,True,True,True,True,False
2591,2025-07-05,2025,"7月6号最新,郑州富士康招聘招募暑假工短期工返费工，需要提前报名抢名额,报名联系客服",hourly-type dispatch,True,True,True,True,False
2582,2025-07-05,2025,"6月3号,暑假工返费工小时工继续大招！郑州富士康最新普工招聘招募返费工、小时工，富士康招募中心郑州港区富士康继续高价招工",hourly-type dispatch,True,True,True,True,False
2588,2025-07-05,2025,"6月23号,暑假工返费工小时工郑州富士康招募，需要提前报名抢名额！郑州富士康最新普工招聘招募返费工、小时工",hourly-type dispatch,True,True,True,True,False
2587,2025-07-05,2025,"6月18号,暑假工返费工小时工，能来的赶紧联系客服，政策随时变化，郑州富士康最新普工招聘招募，富士康招募中心郑州港区富士康",hourly-type dispatch,True,True,True,True,False
2592,2025-07-11,2025,"7月12号最新,郑州富士康招聘招募暑假工短期工返费工，需要提前报名抢名额,报名联系客服",hourly-type dispatch,True,True,True,True,False
2593,2025-07-12,2025,暴涨1000元，返费总计高达5800元，郑州富士康最新招募信息返费工小时工暑假工，名额紧缺，想入职的赶紧联系客服提前预约,hourly-type dispatch,True,True,True,True,False
2594,2025-07-14,2025,7月14号补贴暴涨，小时工高价开招！郑州富士康最新暑假工返费工小时工，紧张报名中……名额非常紧缺，务必提前报名，联系客服协助抢名额！,hourly-type dispatch,True,True,True,True,False
2595,2025-07-20,2025,暴涨利好！返费又涨了1500元，总计高达7300元，小时工高达25元/小时，郑州富士康最新招聘信息返费工小时工暑假工，历史高价，机会难得,hourly-type dispatch,True,True,True,True,False
2596,2025-07-22,2025,7月22号，返费薪资叕暴涨1500元！总计高达7300元，小时工涨至25元/小时，暑假工返费工小时工开招，补贴暴涨！暑假工返费工小时工，紧张报名中……,hourly-type dispatch,True,True,True,True,False
2597,2025-07-22,2025,7月23号开始，26年毕业的大学生可以实习进厂了，返费高达7300元，小时工25元/小时，郑州富士康最新招聘招募信息暑假工招募，机会难得,hourly-type dispatch,True,True,True,True,False
2598,2025-08-02,2025,"暴涨！8月3号开始返费9300元,不查学籍，都可以报名入职、，郑州富士康最新招聘信息返费工小时工",hourly-type dispatch,True,True,True,True,False
1549,2025-08-05,2025,郑州富士康、港区富士康、八大街富士康地址及招聘招募面试电话,regular/unspecified,False,False,True,True,False
2600,2025-08-05,2025,8月6号开始降价！9100元，郑州富士康最新招聘招募信息政策，能来的工友抓紧报名，找客服面试,hourly-type dispatch,True,True,True,True,False
2599,2025-08-05,2025,"8月5号继续高价！9100元,学籍有变化，限时历史最高价，学籍规则有变化，郑州富士康最新招聘招募信息政策",hourly-type dispatch,True,True,True,True,False
2601,2025-08-07,2025,8月7号继续高价！9100元，政策随时会降，郑州富士康最新招聘招募信息政策，能来的工友抓紧报名，找客服面试,hourly-type dispatch,True,True,True,True,False
2602,2025-08-08,2025,8月8号高价倒计时2天！9100元，年前最后机会，郑州富士康最新招聘招募信息政策，能来的工友抓紧报名，找客服面试,hourly-type dispatch,True,True,True,True,False
2603,2025-08-11,2025,8月12号开始学生不查学籍！学生工都可以进厂，返费高达9000元，年前最后机会，郑州富士康最新招聘招募信息政策,hourly-type dispatch,True,True,True,True,False
2604,2025-08-13,2025,8月13号还是高返费9000元，年前最后机会，郑州富士康最新招聘招募信息政策，周四价格下调,hourly-type dispatch,True,True,True,True,False
2605,2025-08-14,2025,重磅突发！高价仅限2天！返费9600元，新增加纯小时期工模式，28元/时+1100限时补贴，机会不等人，郑州富士康最新招聘招募信息政策,hourly-type dispatch,True,True,True,True,False
2606,2025-08-15,2025,历史最高价，返费高达9600元，小时工28元/小时+1100！2025年郑州富士康招工最新招聘信息，富士康招募中心，郑州富士康招聘官网薪资待遇最新发布,hourly-type dispatch,True,True,True,True,False
2609,2025-08-16,2025,郑州富士康招聘信息最新今天官方,hourly-type dispatch,True,True,True,True,False
2610,2025-08-16,2025,8月17号返费9300元，小时工28元/小时+800元，郑州富士康招工最新招聘2025年,hourly-type dispatch,True,True,True,True,False
2608,2025-08-16,2025,郑州富士康工资一般多少钱一个月？,hourly-type dispatch,True,True,True,True,False
2607,2025-08-16,2025,郑州富士康招工最新招聘2025年，返费9600元,hourly-type dispatch,True,True,True,True,False
2611,2025-08-18,2025,8月18号继续高价返费9300元，小时工28元/小时+800元，郑州富士康招工最新招聘2025年,hourly-type dispatch,True,True,True,True,False
2612,2025-08-21,2025,"8月21号高价返费9100元，小时工28元/小时+600元，郑州富士康招工最新招聘2025年,河南郑州富士康最新招募政策",hourly-type dispatch,True,True,True,True,False
2616,2025-08-24,2025,"高峰即将结束，7天降价倒计时，8月25号高价返费9100元，小时工28元/小时+600元，郑州富士康招工最新招聘2025年,河南郑州富士康最新招募政策",hourly-type dispatch,True,True,True,True,False
2615,2025-08-24,2025,河南郑州富士康园区、港区富士康【地图、出行、放松】2025全攻略,regular/unspecified,False,False,True,True,False
2613,2025-08-24,2025,"高峰即将结束，降价倒计时，8月24号高价返费9100元，小时工28元/小时+600元，郑州富士康招工最新招聘2025年,河南郑州富士康最新招募政策",hourly-type dispatch,True,True,True,True,False
2614,2025-08-24,2025,河南郑州富士康港区富士康八大街富士康吃住攻略（2025年最新）,regular/unspecified,False,False,True,True,False
2618,2025-08-28,2025,"8月28号高价返费8600元，小时工28元/小时+100元，郑州富士康招工最新招聘2025年,河南郑州富士康最新招募政策",hourly-type dispatch,True,True,True,True,False
2619,2025-09-01,2025,"9月1号高价返费7300元，小时工26元，郑州富士康招工最新招聘2025年,河南郑州富士康最新招募政策",hourly-type dispatch,True,True,True,True,False
2620,2025-09-08,2025,"9月9号高价返费9100元，小时工27元+限时补贴600元，河南郑州富士康招工最新招聘2025年,河南郑州富士康最新招募信息",hourly-type dispatch,True,True,True,True,False
2621,2025-09-11,2025,"9月11号高价返费8800元，小时工27元+限时补贴300元，河南郑州富士康招工最新招聘2025年,河南郑州富士康最新招募信息",hourly-type dispatch,True,True,True,True,False
2622,2025-09-13,2025,9月13日，河南郑州富士康官网返费高达8800元，小时工27元/小时+300！郑州富士康招工最新招聘2025年，郑州富士康招聘网官网在线招聘,hourly-type dispatch,True,True,True,True,False
2623,2025-09-16,2025,9月16日，河南郑州富士康官网返费高达8800元，小时工27元/小时+300！郑州富士康招工最新招聘2025年，郑州富士康招聘网官网在线招聘,hourly-type dispatch,True,True,True,True,False
2624,2025-09-16,2025,9月17日，河南郑州富士康官网返费高达8800元，小时工27元/小时+300！郑州富士康招工最新招聘2025年，郑州富士康招聘网官网在线招聘,hourly-type dispatch,True,True,True,True,False
2625,2025-09-20,2025,9月20日，河南郑州富士康官网返费高达8800元，郑州富士康招工最新招聘2025年，郑州富士康招聘网官网在线招聘,hourly-type dispatch,True,True,True,True,False
2626,2025-09-23,2025,突发！郑州富士康9月23日提高返费9300元，小时工27+800，2026年前最高返费，郑州富士康招工最新招聘2025年，郑州富士康招聘网官网在线招聘,hourly-type dispatch,True,True,True,True,False
2627,2025-09-24,2025,继续高价！郑州富士康9月25日提高返费9300元，小时工27+800，2026年前最高返费，郑州富士康招工最新招聘2025年，郑州富士康招聘网官网在线招聘,hourly-type dispatch,True,True,True,True,False
2628,2025-09-26,2025,降价倒计时2天！郑州富士康9月26返费9300元，小时工27+800，2026年前最高返费，郑州富士康招工最新招聘2025年，郑州富士康招聘网官网在线招聘,hourly-type dispatch,True,True,True,True,False
2629,2025-09-27,2025,郑州富士康国庆节仲秋节放假9月28号-10月4号不面试进厂，可以线上报名预约，郑州富士康招工最新招聘2025年，郑州富士康招聘网官网在线招聘,hourly-type dispatch,True,True,True,True,False
2631,2025-10-04,2025,郑州富士康国庆节仲秋节5号开启招募，可以线上报名预约，郑州富士康招工最新招聘2025年，郑州富士康招聘网官网在线招聘,hourly-type dispatch,True,True,True,True,False
2632,2025-10-11,2025,10月13号，最新招聘信息发布，可以线上报名预约，郑州富士康招工最新招聘2025年，郑州富士康招聘网官网在线招聘,hourly-type dispatch,True,True,True,True,False
2633,2025-10-23,2025,10月23号，郑州富士康最新招聘信息发布，免体检，面试合格直接进厂,hourly-type dispatch,True,True,True,True,False
2634,2025-10-25,2025,好消息！郑州富士康10月26号提高入职奖励金一周，高达7500元，小时工26元/小时！春节前即可拿到入职奖励金,hourly-type dispatch,True,True,True,True,False
2635,2025-10-26,2025,10月27号提高入职奖励金，高达7500元，小时工26元/小时！春节前即可拿到入职奖励金，郑州富士康招聘网官网在线招聘,hourly-type dispatch,True,True,True,True,False
1902,2025-10-26,2025,"郑州富士康招聘面试详细地址，富士康直招中心地址,郑州富士康各个厂区直招中心",student/summer,False,False,True,True,False
2636,2025-10-27,2025,10月28号提高入职奖励金（限时补贴），高达8300元，小时工27元+800！春节前即可拿到入职奖励金，郑州富士康招聘网官网在线招聘,hourly-type dispatch,True,True,True,True,False
2637,2025-11-01,2025,11月1号入职奖励金，高达7500元，小时工27元！春节前即可拿到入职奖励金，郑州富士康招聘网官网在线招聘,hourly-type dispatch,True,True,True,True,False
2638,2025-11-03,2025,11月3号入职奖励金，高达6300元，小时工25元！春节前即可拿到入职奖励金，郑州富士康招聘网官网在线招聘,hourly-type dispatch,True,True,True,True,False
2639,2025-11-09,2025,11月9号提高入职奖励金，高达6800元，小时工26元/H+300！春节前即可拿到入职奖励金，郑州富士康招聘网官网在线招聘,hourly-type dispatch,True,True,True,True,False
2540,2025-11-15,2025,史上最贵寒假工，郑州富士康短期寒假工继续高价补贴7800元，一个月收入近7000元，年龄放宽到50周岁,hourly-type dispatch,True,True,True,True,False
2247,2026-01-04,2026,"2026年郑州富士康招聘网官方抖音号FOXCAA，欢迎关注,第一时间掌握郑州富士康最新招聘招工信息",student/summer,False,False,True,True,False
2405,2026-01-27,2026,今日工价发布！2026年短期工学生工寒假工，（返费工）一次性稳岗奖金高达6800元，（小时工）同工同酬+分期稳岗奖金26元/H+1200元（实时更新）,hourly-type dispatch,True,True,True,True,False
1858,2026-01-31,2026,2026年郑州富士康招聘工资薪资待遇,hourly-type dispatch,True,True,True,True,False
2646,2026-01-31,2026,年前工资暴涨！郑州富士康短期工、返费工8800小时工28/H+1300最后一波,hourly-type dispatch,True,True,True,True,False
2648,2026-02-05,2026,郑州富士康招聘招募短期纯小时最后三天，年龄放宽到女：18-48.8男：18-49.8小时工价➕春节激励+G2G3加班，平均30多每小时,hourly-type dispatch,True,True,True,True,False
2640,2026-02-05,2026,2026年郑州富士康招聘招募短期工、寒假工、学生工具体政策发布（实时更新）,student/summer,False,False,True,True,False
2649,2026-02-05,2026,2月5日起郑州富士康短期高薪小时工，春节留守最高收益，小时工价+春节激励+G2G3加班，平均30多每小时,regular/unspecified,False,False,True,True,False
2650,2026-02-09,2026,2月9号开始，新价格，年前高价返费8700高价小时工，倒时计，还有春节留守奖1000元，错过等一年,hourly-type dispatch,True,True,True,True,False
2651,2026-02-18,2026,2026年正月初三（19号）郑州富士康盛大开启普工招募，返费工、小时工同步招聘，需要抢名额，请务必提前报名，加客服确认,hourly-type dispatch,False,True,True,True,False
2652,2026-02-22,2026,2月22号（正月初六）开始，郑州富士康招聘招募最新政策发布，返费工小时工，继续大量高价招募,hourly-type dispatch,True,True,True,True,False
1900,2026-02-22,2026,2026年郑州富士康招聘招募面试要求、报名方法、以及工资福利待遇（实时更新）,hourly-type dispatch,True,True,True,True,False
1548,2026-02-22,2026,郑州富士康招聘线上AI面试流程、入职进厂流程（最新）,regular/unspecified,False,False,True,True,False
1369,2026-02-23,2026,郑州富士康、郑州新郑航空港区富士康、八大街富士康工资待遇，福利项目（实时更新）,hourly-type dispatch,True,True,True,True,False
2653,2026-02-28,2026,3月1号新政策发布，郑州富士康招募名额越来越紧张，返费工小时工的价格不断的在调整，珍惜机会吧,hourly-type dispatch,True,True,True,True,False
2654,2026-03-02,2026,3月3号郑州富士康返费工小时工补贴价格发布，及时关注，提前报名可快速入职,hourly-type dispatch,True,True,True,True,False
2655,2026-03-09,2026,3月9号郑州富士康最新招聘招工信息发布，返费工价格有变化，小时工的价格和原来一样，没有变化,hourly-type dispatch,True,True,True,True,False
2656,2026-03-12,2026,3月13号郑州富士康最新招聘招工信息，新老员工价格不同，吃住、报名流利便捷，详情全解析,hourly-type dispatch,True,True,True,True,False
2657,2026-03-16,2026,3月16号开始，郑州富士康返费工，小时工奖金有调整，名额有限，需要提前报名，联系客服确定,hourly-type dispatch,True,True,True,True,False
2661,2026-03-29,2026,郑州富士康港区招聘暂停，预计很快开招，提前报名，关注公众号加微信客服，开招会第一时间通知,hourly-type dispatch,True,True,True,True,False
2665,2026-04-03,2026,郑州富士康即将开招，目前可以提前报名等通知，请关注公众号后，加微信客服，开招后第一时间会通知到,hourly-type dispatch,True,True,True,True,False
2666,2026-05-06,2026,重磅开招！郑州富士康5月6号最新最招聘招募招工信息，返费工价格更新，小时工今天暂停，请随时关注本站信息更新，提前报名速度快,hourly-type dispatch,True,True,True,True,False
2667,2026-05-17,2026,重磅利好！5月18日起郑州富士康招聘小时工实行最长政策周期，工友们可以提前锁定最高价格，返费工继续高价,hourly-type dispatch,True,True,True,True,False
2668,2026-05-18,2026,又涨价了！5月19号开始，郑州富士康小时工，返费工大涨价，实行最长政策周期，工友们可以提前锁定最高价格,hourly-type dispatch,True,True,True,True,False
2669,2026-05-26,2026,郑州富士康5月27号开始新政策，返费工、小时工都有变化，工友要把握机会了,hourly-type dispatch,True,True,True,True,False
2670,2026-06-25,2026,重磅！郑州富士康6月25号开招！返费模式，额外补贴6100元，提前报名抢名额！联系客服！,hourly-type dispatch,True,True,True,True,False
2671,2026-07-08,2026,"郑州富士康7月9日起,返费工补贴6100，小时工27元小时,名额紧张，提前报名联系客服",hourly-type dispatch,True,True,True,True,False
2672,2026-07-12,2026,高价开启！7月12号开始，返费工6300元，小时工增加200元补贴，郑州富士康最新招工招募信息，务必提前报名,hourly-type dispatch,True,True,True,True,False
2673,2026-07-20,2026,郑州富士康旺季开启高价招聘返费7500元，小时工最高27元，补贴200元路费,hourly-type dispatch,True,True,True,True,False
2674,2026-07-28,2026,7月28号郑州富士康高价招聘返费7500元，小时工最高28元，补贴200元路费,hourly-type dispatch,True,True,True,True,False
2675,2026-07-31,2026,涨价了！7月31日，7950元返费，小时工28元，650元补贴，就两天时间,hourly-type dispatch,True,True,True,True,False
2676,2026-08-02,2026,又涨价了！8月3日，8000元返费补贴，小时工28元，工友们抓住机会,hourly-type dispatch,True,True,True,True,False
2677,2026-08-10,2026,8月10号返费最高7800和小时工最高27，价格变化较快，工友们及时报名入职郑州富士康,hourly-type dispatch,True,True,True,True,False
2678,2026-08-15,2026,8月16号开始，郑州富士康最新招聘信息：返费8000元，小时工28元/小时，阶段顶峰价格,hourly-type dispatch,True,True,True,True,False
2679,2026-08-16,2026,2026年8月17日郑州富士康最新招聘政策 小时工28元/小时+返费8000元,hourly-type dispatch,True,True,True,True,False
2680,2026-08-19,2026,8月20号郑州富士康最新招聘政策，返费最高7600元，小时工最高28元/小时,hourly-type dispatch,True,True,True,True,False
853,2026-09-04,2026,郑州富士康最新招聘招募、面试地址及乘车路线-河南郑州富士康招募中心,hourly-type dispatch,True,True,True,True,False
2681,2026-09-21,2026,郑州富士康港区A事业群9月21日最新招工｜返费工暂停，小时工火热招募中,regular/unspecified,False,False,True,True,False
2682,2026-09-23,2026,郑州富士康港区A事业群招聘（9.23最新政策）,hourly-type dispatch,False,True,True,True,False
2683,2026-09-24,2026,补贴暴增800元，郑州富士康了限时3天，返费7800，小时工27元/小时+500元限时补贴,hourly-type dispatch,True,True,True,True,False
