name,entity,park,latitude,longitude,year,date,insured,flag,location_note
鸿富锦,鸿富锦精密电子（郑州）,航空港,34.552546,113.856327,2016,2016-12-31,213182,,EIA坐标（K区）
鸿富锦,鸿富锦精密电子（郑州）,航空港,34.552546,113.856327,2017,2017-12-31,154511,,EIA坐标（K区）
鸿富锦,鸿富锦精密电子（郑州）,航空港,34.552546,113.856327,2018,2018-12-31,131245,,EIA坐标（K区）
鸿富锦,鸿富锦精密电子（郑州）,航空港,34.552546,113.856327,2019,2019-12-31,68240,,EIA坐标（K区）
鸿富锦,鸿富锦精密电子（郑州）,航空港,34.552546,113.856327,2020,2020-12-31,65255,,EIA坐标（K区）
鸿富锦,鸿富锦精密电子（郑州）,航空港,34.552546,113.856327,2021,2021-12-31,40525,,EIA坐标（K区）
鸿富锦,鸿富锦精密电子（郑州）,航空港,34.552546,113.856327,2022,2022-12-31,39463,,EIA坐标（K区）
鸿富锦,鸿富锦精密电子（郑州）,航空港,34.552546,113.856327,2023,2023-12-31,39222,,EIA坐标（K区）
鸿富锦,鸿富锦精密电子（郑州）,航空港,34.552546,113.856327,2024,2024-12-31,33530,,EIA坐标（K区）
鸿富锦,鸿富锦精密电子（郑州）,航空港,34.552546,113.856327,2025,2025-12-31,33498,,EIA坐标（K区）
富联裕展,富联裕展科技（河南）,航空港,34.553607,113.842493,2016,2016-12-31,9000,,EIA坐标
富联裕展,富联裕展科技（河南）,航空港,34.553607,113.842493,2017,2017-12-31,51348,,EIA坐标
富联裕展,富联裕展科技（河南）,航空港,34.553607,113.842493,2018,2018-12-31,35839,,EIA坐标
富联裕展,富联裕展科技（河南）,航空港,34.553607,113.842493,2019,2019-12-31,24001,,EIA坐标
富联裕展,富联裕展科技（河南）,航空港,34.553607,113.842493,2020,2020-12-31,23546,,EIA坐标
富联裕展,富联裕展科技（河南）,航空港,34.553607,113.842493,2021,2021-12-31,19377,,EIA坐标
富联裕展,富联裕展科技（河南）,航空港,34.553607,113.842493,2022,2022-12-31,20240,,EIA坐标
富联裕展,富联裕展科技（河南）,航空港,34.553607,113.842493,2023,2023-12-31,16753,,EIA坐标
富联裕展,富联裕展科技（河南）,航空港,34.553607,113.842493,2024,2024-12-31,13945,,EIA坐标
富联裕展,富联裕展科技（河南）,航空港,34.553607,113.842493,2025,2025-12-31,12784,,EIA坐标
河南富驰,河南富驰科技,航空港,34.541,113.851,2017,2017-12-31,79,,推断位置（无EIA坐标）
河南富驰,河南富驰科技,航空港,34.541,113.851,2018,2018-12-31,72,,推断位置（无EIA坐标）
河南富驰,河南富驰科技,航空港,34.541,113.851,2019,2019-12-31,78,,推断位置（无EIA坐标）
河南富驰,河南富驰科技,航空港,34.541,113.851,2020,2020-12-31,1,outlier,推断位置（无EIA坐标）
河南富驰,河南富驰科技,航空港,34.541,113.851,2021,2021-12-31,10626,,推断位置（无EIA坐标）
河南富驰,河南富驰科技,航空港,34.541,113.851,2022,2022-12-31,9823,,推断位置（无EIA坐标）
河南富驰,河南富驰科技,航空港,34.541,113.851,2023,2023-12-31,8688,,推断位置（无EIA坐标）
河南富驰,河南富驰科技,航空港,34.541,113.851,2024,2024-12-31,7909,,推断位置（无EIA坐标）
河南富驰,河南富驰科技,航空港,34.541,113.851,2025,2025-12-31,6926,,推断位置（无EIA坐标）
富联精密,富联精密电子（郑州）,经开区,34.730916,113.759906,2016,2016-12-31,23052,,EIA坐标（第九大街，原文格式有误，已换算）
富联精密,富联精密电子（郑州）,经开区,34.730916,113.759906,2017,2017-12-31,25651,,EIA坐标（第九大街，原文格式有误，已换算）
富联精密,富联精密电子（郑州）,经开区,34.730916,113.759906,2018,2018-12-31,23510,,EIA坐标（第九大街，原文格式有误，已换算）
富联精密,富联精密电子（郑州）,经开区,34.730916,113.759906,2019,2019-12-31,14081,,EIA坐标（第九大街，原文格式有误，已换算）
富联精密,富联精密电子（郑州）,经开区,34.730916,113.759906,2020,2020-12-31,13403,,EIA坐标（第九大街，原文格式有误，已换算）
富联精密,富联精密电子（郑州）,经开区,34.730916,113.759906,2021,2021-12-31,11525,,EIA坐标（第九大街，原文格式有误，已换算）
富联精密,富联精密电子（郑州）,经开区,34.730916,113.759906,2022,2022-12-31,11173,,EIA坐标（第九大街，原文格式有误，已换算）
富联精密,富联精密电子（郑州）,经开区,34.730916,113.759906,2023,2023-12-31,11765,,EIA坐标（第九大街，原文格式有误，已换算）
富联精密,富联精密电子（郑州）,经开区,34.730916,113.759906,2024,2024-12-31,10437,,EIA坐标（第九大街，原文格式有误，已换算）
富联精密,富联精密电子（郑州）,经开区,34.730916,113.759906,2025,2025-12-31,8617,,EIA坐标（第九大街，原文格式有误，已换算）
