数据年份（约）,来源,口径,数据性质,污染物,数值,单位
2016.0,富泰华 2017 手机机构件升级改造环评（表3.2-5~3.2-7、3.6-1、4-23）,现有工程1（日加工105千件金属件）,环评引用现有排放量（依据2017年1月竣工验收）,COD,60.52,t/a
2017.0,富泰华 2017 手机机构件升级改造环评（表3.2-5~3.2-7、3.6-1、4-23）,全厂（技改后）,环评核算排放量（设计值）,COD,94.68,t/a
2020.0,富泰华 2020 5G智能手机精密机构件环评（表36“三笔账”）,全厂（改扩建前）,环评核算排放量,COD,73.04,t/a
2020.0,富泰华 2020 5G智能手机精密机构件环评（表36“三笔账”）,全厂（改扩建后）,环评核算排放量（设计值）,COD,66.86,t/a
2022.0,富泰华 2022 高端手机机构件智能制造环评（表3-12）,全厂（改扩建后）,环评核算排放量（设计值）,生产废水COD,83.26,t/a
2022.0,富泰华 2022 高端手机机构件智能制造环评（表3-12）,全厂（改扩建后）,环评核算排放量（设计值）,生活污水COD,63.38,t/a
2022.0,富泰华 2022 高端手机机构件智能制造环评（表3-12）,全厂（改扩建后）,环评核算排放量（设计值）,COD（生产+生活，厂界）,146.64,t/a
2020.0,全国排污许可平台 执行报告（年报），企业自报,全厂,实际排放（企业执行报告自报）,COD,26.047,t/a
2021.0,全国排污许可平台 执行报告（年报），企业自报,全厂,实际排放（企业执行报告自报）,COD,49.09,t/a
2022.0,全国排污许可平台 执行报告（年报），企业自报,全厂,实际排放（企业执行报告自报）,COD,59.56,t/a
2023.0,全国排污许可平台 执行报告（年报），企业自报,全厂,实际排放（企业执行报告自报）,COD,68.339,t/a
2024.0,全国排污许可平台 执行报告（年报），企业自报,全厂,实际排放（企业执行报告自报）,COD,80.841,t/a
2025.0,全国排污许可平台 执行报告（年报），企业自报,全厂,实际排放（企业执行报告自报）,COD,28.158,t/a
