年份,累计环评核定VOCs/NMHC（t/a）,实际VOCs（执行报告，t）,累计环评核定COD（t/a）,实际COD（执行报告，t）,实际占核定的比例_VOCs,实际占核定的比例_COD,累计环评核定氨氮（t/a）,实际氨氮（执行报告，t）,实际占核定的比例_氨氮
2010,150.5,,30.0,,,,3.0,,
2011,301.0,,60.0,,,,6.0,,
2012,381.4,,105.0,,,,10.5,,
2013,462.6,,120.0,,,,12.0,,
2014,561.18,,151.95,,,,15.19,,
2015,561.18,,151.95,,,,15.19,,
2016,561.18,,151.95,,,,15.19,,
2017,600.18,,158.34,,,,15.6691,,
2018,600.18,,161.72,,,,15.84,,
2019,600.18,,161.72,,,,15.84,,
2020,600.18,57.4,161.72,150.4,0.096,0.93,15.84,31.0,1.9570707070707072
2021,600.18,80.8,161.72,63.613,0.135,0.39,15.84,0.264,0.016666666666666666
2022,600.18,28.82,161.72,285.648,0.048,1.77,15.84,24.804,1.565909090909091
2023,600.18,22.43,161.72,180.046,0.037,1.11,15.84,30.244,1.9093434343434343
2024,600.18,21.487,161.72,446.47,0.036,2.76,15.84,58.98,3.723484848484848
2025,600.18,22.142,161.72,485.222,0.037,3.0,15.84,98.747,6.2340277777777775
