公司,财年,营收（百万美元）,范围1排放（tCO2e）,范围2地点法（tCO2e）,范围2市场法（tCO2e）,范围3上游（tCO2e）,范围3下游（tCO2e）,用水：直接+外购（m³）,废弃物：直接+间接（吨）,环境成本：直接+间接（百万美元）,范围1+2+3上游合计,排放强度_tCO2e每百万美元营收
Hon Hai 鸿海,2015,141151.8563509389,4873458.144400013,3306235.000000029,,29038982.98032613,,246887131.6146975,1466062.750980243,3039.514226101748,37218676.124726176,263.67826174521724
Hon Hai 鸿海,2016,134969.290953128,4539343.225511015,3191775.250000003,,30114553.9127024,,222848869.0168519,1457456.545774037,3177.714702778744,37845672.38821342,280.40209829179906
Hon Hai 鸿海,2017,154500.105,216296.66,8037987.784,,36224128.348,88594313.72,247460018.906,1692807.964456138,3798.786,44478412.791999996,287.8859712878512
Hon Hai 鸿海,2018,175535.1636,99499.0,8307554.92,,38504100.994,2468024.021,250192477.338,1748684.362854056,4155.522,46911154.914000005,267.24648185533124
Hon Hai 鸿海,2019,172855.8466863578,128924.489,8340808.103,,35048801.889,4802956.1,97700000.0,1660874.358623475,3855.029,43518534.481,251.76200467180718
Hon Hai 鸿海,2020,181838.9175,164386.003,5265000.0,,37726646.748,13463504.04,86736000.0,1768541.946514282,4024.791,43156032.751,237.3311134070076
Hon Hai 鸿海,2021,214458.0424678469,284224.346,5982836.0,5772920.0,28775880.688,33979852.69,5676000.0,2398507.585415101,3112.691,35042941.034,163.40231697887427
Hon Hai 鸿海,2022,222689.7824444492,273420.806,6211576.0,5535325.0,22946799.6,3359404.45,4202000.0,2136168.015526554,2740.365,29431796.406000003,132.1650058791623
Hon Hai 鸿海,2023,197768.91359997,326205.0,5442507.49,2421127.0,19340723.915,2936109.04,14250630.0,1867368.838578842,2415.189,25109436.405,126.96351488176356
Hon Hai 鸿海,2024,213542.49038928,341472.4,6012680.13,2272277.12,23838240.588,3653278.24,12237410.0,2003920.33207335,2978.87,30192393.118,141.38822237654153
Hon Hai 鸿海,2025,260347.02488444,410702.353,8390984.633,,30932570.86,,14735201.121,2417039.793938686,4009.661,39734257.846,152.62036454473335
Foxconn Industrial Internet 工业富联,2017,54489.00150479816,2616026.487167552,1989351.053305289,,9819155.74905984,31245387.79,48833777.42639025,478511.305696896,1099.675517571009,14424533.28953268,264.72375876189426
Foxconn Industrial Internet 工业富联,2018,62407.23851144218,2405415.969,2244957.643,,10636739.087,877445.6386,46909700.07,551300.8214023921,1210.274,15287112.699,244.95736494088186
Foxconn Industrial Internet 工业富联,2019,59078.69190000001,1609564.507,1518700.0,,5775517.637,1641554.91,81211800.018,645279.7881215231,752.44,8903782.144000001,150.7105499064037
Foxconn Industrial Internet 工业富联,2020,62564.372,1778245.009,1470306.0,,6117324.182,4632317.9,89179048.207,700532.6648023037,806.869,9365875.191,149.6998194275809
Foxconn Industrial Internet 工业富联,2021,68125.60639660445,1950257.338,2104551.96,,6880786.947,11491859.31,97473008.186,757822.242574041,949.503,10935596.245,160.52108485224517
Foxconn Industrial Internet 工业富联,2022,76184.60615020894,72535.17,2111871.83,2076055.77,5907921.485,12022397.91,5270000.0,565226.039898339,745.042,8092328.485,106.21999500850352
Foxconn Industrial Internet 工业富联,2023,67314.27352293,81440.5,2168356.48,962255.26,4951874.923,3343549.14,8732400.0,548192.564369639,668.624,7201671.903000001,106.98580740898609
Foxconn Industrial Internet 工业富联,2024,84679.56711247,92983.81,2431011.1,746866.14,6233830.886,3146405.32,9974430.0,558264.7342730098,841.21,8757825.796,103.42312903380812
Foxconn Industrial Internet 工业富联,2025,125640.11157813,81607.463,2354620.22,750516.01,8425830.579,3146405.32,8980000.0,712789.5673772951,1135.279,10862058.262,86.45374574699711
