实体,年份,项目,设备,改建前,改建后/数量,类别
富泰华/富联精密（郑州，经开区）,2022,高端手机机构件升级改造智能制造项目,CNC FANUC,276,278,CNC/数控机床
富泰华/富联精密（郑州，经开区）,2022,高端手机机构件升级改造智能制造项目,四槽超声波清洗机,1,1,其他工艺设备
富泰华/富联精密（郑州，经开区）,2022,高端手机机构件升级改造智能制造项目,隧道清洗机,1,1,其他工艺设备
富泰华/富联精密（郑州，经开区）,2022,高端手机机构件升级改造智能制造项目,CNC FANUC、精雕机,160,166,CNC/数控机床
富泰华/富联精密（郑州，经开区）,2022,高端手机机构件升级改造智能制造项目,清洗 清洗Ⅱ型机,1,1,其他工艺设备
富泰华/富联精密（郑州，经开区）,2022,高端手机机构件升级改造智能制造项目,抛光 莱马特,20,8,其他工艺设备
富泰华/富联精密（郑州，经开区）,2022,高端手机机构件升级改造智能制造项目,喷砂 喷砂机,4,4,其他工艺设备
富泰华/富联精密（郑州，经开区）,2022,高端手机机构件升级改造智能制造项目,去毛刺 FANUC,352,412,其他工艺设备
富泰华/富联精密（郑州，经开区）,2022,高端手机机构件升级改造智能制造项目,CNC FANUC、精雕机,400,416,CNC/数控机床
富泰华/富联精密（郑州，经开区）,2022,高端手机机构件升级改造智能制造项目,清洗 清洗Ⅱ型机,1,1,其他工艺设备
富泰华/富联精密（郑州，经开区）,2022,高端手机机构件升级改造智能制造项目,组立 组立机,25,37,其他工艺设备
富泰华/富联精密（郑州，经开区）,2022,高端手机机构件升级改造智能制造项目,焊接 激光焊接机,30,25,其他工艺设备
富泰华/富联精密（郑州，经开区）,2022,高端手机机构件升级改造智能制造项目,打标 打标机,10,13,其他工艺设备
富泰华/富联精密（郑州，经开区）,2022,高端手机机构件升级改造智能制造项目,前清洗 水基清洗机,1,1,其他工艺设备
富泰华/富联精密（郑州，经开区）,2022,高端手机机构件升级改造智能制造项目,PVD 镀膜机,14,14,其他工艺设备
富泰华/富联精密（郑州，经开区）,2022,高端手机机构件升级改造智能制造项目,打标 打标机台,3,121,其他工艺设备
富泰华/富联精密（郑州，经开区）,2022,高端手机机构件升级改造智能制造项目,碳氢清洗 碳氢清洗机,1,1,其他工艺设备
富泰华/富联精密（郑州，经开区）,2022,高端手机机构件升级改造智能制造项目,治具退镀 治具退镀机,1,1,其他工艺设备
富泰华/富联精密（郑州，经开区）,2022,高端手机机构件升级改造智能制造项目,喷砂 喷砂机,1,1,其他工艺设备
富泰华/富联精密（郑州，经开区）,2022,高端手机机构件升级改造智能制造项目,焊接 激光焊接机,60,27,其他工艺设备
富泰华/富联精密（郑州，经开区）,2022,高端手机机构件升级改造智能制造项目,烤炉 单门方筒烘烤箱,6,4,其他工艺设备
富泰华/富联精密（郑州，经开区）,2022,高端手机机构件升级改造智能制造项目,贴膜 贴膜机,4,2,其他工艺设备
富泰华/富联精密（郑州，经开区）,2022,高端手机机构件升级改造智能制造项目,烤炉 隧道式红外线烤炉,3,3,其他工艺设备
富泰华/富联精密（郑州，经开区）,2022,高端手机机构件升级改造智能制造项目,抛光 机械手打砂机,184,160,机器人/机械手
富泰华/富联精密（郑州，经开区）,2022,高端手机机构件升级改造智能制造项目,CNC FANUC、精雕机,378,393,CNC/数控机床
富泰华/富联精密（郑州，经开区）,2022,高端手机机构件升级改造智能制造项目,清洗 隧道清洗机,1,1,其他工艺设备
富泰华/富联精密（郑州，经开区）,2022,高端手机机构件升级改造智能制造项目,VI 浸胶清洗一体机,2,2,其他工艺设备
富泰华/富联精密（郑州，经开区）,2022,高端手机机构件升级改造智能制造项目,II 型清洗机,1,1,其他工艺设备
富泰华/富联精密（郑州，经开区）,2022,高端手机机构件升级改造智能制造项目,打标机,175,222,其他工艺设备
富泰华/富联精密（郑州，经开区）,2022,高端手机机构件升级改造智能制造项目,焊接 激光焊接机,115,83,其他工艺设备
富泰华/富联精密（郑州，经开区）,2022,高端手机机构件升级改造智能制造项目,点胶 自动点胶机,116,114,自动化专用机
富泰华/富联精密（郑州，经开区）,2022,高端手机机构件升级改造智能制造项目,烤炉 立式烤炉,10,9,其他工艺设备
富泰华/富联精密（郑州，经开区）,2022,高端手机机构件升级改造智能制造项目,贴膜 自动贴膜机,10,18,自动化专用机
富泰华/富联精密（郑州，经开区）,2022,高端手机机构件升级改造智能制造项目,钝化 钝化机,4,12,其他工艺设备
富泰华/富联精密（郑州，经开区）,2022,高端手机机构件升级改造智能制造项目,组立 组立自动化设备,3,3,自动化专用机
富泰华/富联精密（郑州，经开区）,2022,高端手机机构件升级改造智能制造项目,CNC FANUC,362,346,CNC/数控机床
富泰华/富联精密（郑州，经开区）,2022,高端手机机构件升级改造智能制造项目,成型 成型机,15,15,其他工艺设备
富泰华/富联精密（郑州，经开区）,2022,高端手机机构件升级改造智能制造项目,打标 大族/泰德打标,27,16,其他工艺设备
富泰华/富联精密（郑州，经开区）,2022,高端手机机构件升级改造智能制造项目,碳氢清洗 碳氢清洗机,1,2,其他工艺设备
富泰华/富联精密（郑州，经开区）,2022,高端手机机构件升级改造智能制造项目,I/O 焊接,4,4,其他工艺设备
富泰华/富联精密（郑州，经开区）,2022,高端手机机构件升级改造智能制造项目,侧砂 湿式抛光机,38,38,其他工艺设备
富泰华/富联精密（郑州，经开区）,2022,高端手机机构件升级改造智能制造项目,清洗 单臂清洗机,2,2,其他工艺设备
富泰华/富联精密（郑州，经开区）,2022,高端手机机构件升级改造智能制造项目,打标 激光打标机,60,57,其他工艺设备
富泰华/富联精密（郑州，经开区）,2022,高端手机机构件升级改造智能制造项目,焊接 激光焊接机,40,36,其他工艺设备
富泰华/富联精密（郑州，经开区）,2022,高端手机机构件升级改造智能制造项目,烤炉 立式烤炉,8,10,其他工艺设备
富泰华/富联精密（郑州，经开区）,2022,高端手机机构件升级改造智能制造项目,喷胶 世宗点胶机,109,115,其他工艺设备
富泰华/富联精密（郑州，经开区）,2022,高端手机机构件升级改造智能制造项目,贴膜 自动贴膜机,13,13,自动化专用机
富泰华/富联精密（郑州，经开区）,2022,高端手机机构件升级改造智能制造项目,焊接 焊接机,16,25,其他工艺设备
富泰华/富联精密（郑州，经开区）,2022,高端手机机构件升级改造智能制造项目,ALT 防水检测机,1,4,检测设备
富泰华/富联精密（郑州，经开区）,2022,高端手机机构件升级改造智能制造项目,喷砂 喷砂机,20,18,其他工艺设备
富泰华/富联精密（郑州，经开区）,2022,高端手机机构件升级改造智能制造项目,清洗 单臂清洗机,3,2,其他工艺设备
富泰华/富联精密（郑州，经开区）,2022,高端手机机构件升级改造智能制造项目,VI 浸胶清洗一体机,2,1,其他工艺设备
富泰华/富联精密（郑州，经开区）,2022,高端手机机构件升级改造智能制造项目,抛光 抛光机,29,59,其他工艺设备
富泰华/富联精密（郑州，经开区）,2022,高端手机机构件升级改造智能制造项目,UMP 尺寸检测机,18,3,检测设备
富泰华/富联精密（郑州，经开区）,2022,高端手机机构件升级改造智能制造项目,II 型清洗机,1,1,其他工艺设备
富泰华/富联精密（郑州，经开区）,2022,高端手机机构件升级改造智能制造项目,点胶 点胶机,52,42,其他工艺设备
富泰华/富联精密（郑州，经开区）,2022,高端手机机构件升级改造智能制造项目,打标 打标机,126,236,其他工艺设备
富泰华/富联精密（郑州，经开区）,2022,高端手机机构件升级改造智能制造项目,CNC FANUC,242,242,CNC/数控机床
富泰华/富联精密（郑州，经开区）,2022,高端手机机构件升级改造智能制造项目,四槽清洗机,1,1,其他工艺设备
富泰华/富联精密（郑州，经开区）,2022,高端手机机构件升级改造智能制造项目,隧道清洗机,1,1,其他工艺设备
富泰华/富联精密（郑州，经开区）,2022,高端手机机构件升级改造智能制造项目,喷胶 世宗点胶机,217,196,其他工艺设备
富泰华/富联精密（郑州，经开区）,2022,高端手机机构件升级改造智能制造项目,烘烤 立式烤炉,18,18,其他工艺设备
富泰华/富联精密（郑州，经开区）,2022,高端手机机构件升级改造智能制造项目,砂光 打砂机,99,103,其他工艺设备
富泰华/富联精密（郑州，经开区）,2022,高端手机机构件升级改造智能制造项目,遮蔽 环形喷涂机,1,1,其他工艺设备
富泰华/富联精密（郑州，经开区）,2022,高端手机机构件升级改造智能制造项目,阳极 0、阳极,1,2,其他工艺设备
富泰华/富联精密（郑州，经开区）,2022,高端手机机构件升级改造智能制造项目,NPET 阳极线,1,1,其他工艺设备
富泰华/富联精密（郑州，经开区）,2022,高端手机机构件升级改造智能制造项目,退镀 阳极线,1,1,其他工艺设备
富泰华/富联精密（郑州，经开区）,2022,高端手机机构件升级改造智能制造项目,退遮蔽 龙门线,1,1,其他工艺设备
富泰华/富联精密（郑州，经开区）,2022,高端手机机构件升级改造智能制造项目,点胶 点胶机,7,7,其他工艺设备
富泰华/富联精密（郑州，经开区）,2022,高端手机机构件升级改造智能制造项目,焊接 激光焊接机,46,18,其他工艺设备
富泰华/富联精密（郑州，经开区）,2022,高端手机机构件升级改造智能制造项目,打标 激光打标机,14,11,其他工艺设备
富泰华/富联精密（郑州，经开区）,2022,高端手机机构件升级改造智能制造项目,锁螺丝 锁螺丝机,6,5,其他工艺设备
富泰华/富联精密（郑州，经开区）,2022,高端手机机构件升级改造智能制造项目,烘烤 烤炉,4,3,其他工艺设备
富泰华/富联精密（郑州，经开区）,2022,高端手机机构件升级改造智能制造项目,组立 组立机,11,11,其他工艺设备
富泰华/富联精密（郑州，经开区）,2022,高端手机机构件升级改造智能制造项目,碳氢清洗 碳氢清洗机,1,1,其他工艺设备
富泰华/富联精密（郑州，经开区）,2022,高端手机机构件升级改造智能制造项目,PVD 前清洗,29,1,其他工艺设备
富泰华/富联精密（郑州，经开区）,2022,高端手机机构件升级改造智能制造项目,II 型清洗机,1,1,其他工艺设备
富泰华/富联精密（郑州，经开区）,2022,高端手机机构件升级改造智能制造项目,II 型清洗机,1,1,其他工艺设备
富泰华/富联精密（郑州，经开区）,2022,高端手机机构件升级改造智能制造项目,PVD 真空镀膜机,15,20,其他工艺设备
富泰华/富联精密（郑州，经开区）,2022,高端手机机构件升级改造智能制造项目,焊接 激光焊接机,27,59,其他工艺设备
富泰华/富联精密（郑州，经开区）,2022,高端手机机构件升级改造智能制造项目,检测,6,1,检测设备
富泰华/富联精密（郑州，经开区）,2022,高端手机机构件升级改造智能制造项目,贴膜 自动贴膜机,4,5,自动化专用机
富泰华/富联精密（郑州，经开区）,2022,高端手机机构件升级改造智能制造项目,VI 浸胶清洗一体机,1,1,其他工艺设备
富泰华/富联精密（郑州，经开区）,2022,高端手机机构件升级改造智能制造项目,II 型清洗机,1,2,其他工艺设备
富泰华/富联精密（郑州，经开区）,2022,高端手机机构件升级改造智能制造项目,烘烤 烤炉,6,8,其他工艺设备
富泰华/富联精密（郑州，经开区）,2022,高端手机机构件升级改造智能制造项目,喷砂 喷砂机,1,1,其他工艺设备
富泰华/富联精密（郑州，经开区）,2022,高端手机机构件升级改造智能制造项目,CNC FANUC,353,353,CNC/数控机床
富泰华/富联精密（郑州，经开区）,2022,高端手机机构件升级改造智能制造项目,NC 去毛刺机,32,31,其他工艺设备
富泰华/富联精密（郑州，经开区）,2022,高端手机机构件升级改造智能制造项目,CNC FANUC,117,139,CNC/数控机床
富泰华/富联精密（郑州，经开区）,2022,高端手机机构件升级改造智能制造项目,CNC FANUC,424,405,CNC/数控机床
富泰华/富联精密（郑州，经开区）,2022,高端手机机构件升级改造智能制造项目,碳氢清洗 碳氢清洗机,1,1,其他工艺设备
富泰华/富联精密（郑州，经开区）,2022,高端手机机构件升级改造智能制造项目,喷砂 喷砂机,5,5,其他工艺设备
富泰华/富联精密（郑州，经开区）,2022,高端手机机构件升级改造智能制造项目,打标 激光打标机,4,47,其他工艺设备
富泰华/富联精密（郑州，经开区）,2022,高端手机机构件升级改造智能制造项目,CNC FANUC,490,490,CNC/数控机床
富泰华/富联精密（郑州，经开区）,2022,高端手机机构件升级改造智能制造项目,喷砂 喷砂机,5,5,其他工艺设备
富泰华/富联精密（郑州，经开区）,2022,高端手机机构件升级改造智能制造项目,UMP 尺寸检测机,13,5,检测设备
富泰华/富联精密（郑州，经开区）,2022,高端手机机构件升级改造智能制造项目,CNC FANUC,530,526,CNC/数控机床
富泰华/富联精密（郑州，经开区）,2022,高端手机机构件升级改造智能制造项目,不锈 碳氢清洗机,2,2,其他工艺设备
富泰华/富联精密（郑州，经开区）,2022,高端手机机构件升级改造智能制造项目,CNC FANUC,70,77,CNC/数控机床
富泰华/富联精密（郑州，经开区）,2022,高端手机机构件升级改造智能制造项目,成型 成型机,23,23,其他工艺设备
富泰华/富联精密（郑州，经开区）,2022,高端手机机构件升级改造智能制造项目,打标 打标机,8,31,其他工艺设备
富泰华/富联精密（郑州，经开区）,2022,高端手机机构件升级改造智能制造项目,焊接 焊接机,5,5,其他工艺设备
富泰华/富联精密（郑州，经开区）,2022,高端手机机构件升级改造智能制造项目,扫码 扫码机,2,5,其他工艺设备
富泰华/富联精密（郑州，经开区）,2022,高端手机机构件升级改造智能制造项目,CNC FANUC,1,1,CNC/数控机床
富泰华/富联精密（郑州，经开区）,2022,高端手机机构件升级改造智能制造项目,点胶 点胶机,50,53,其他工艺设备
富泰华/富联精密（郑州，经开区）,2022,高端手机机构件升级改造智能制造项目,烤炉 隧道式红外线烤炉,8,7,其他工艺设备
富泰华/富联精密（郑州，经开区）,2022,高端手机机构件升级改造智能制造项目,焊接 激光焊接机,1,51,其他工艺设备
富泰华/富联精密（郑州，经开区）,2022,高端手机机构件升级改造智能制造项目,打标 激光打标机,29,44,其他工艺设备
富泰华/富联精密（郑州，经开区）,2022,高端手机机构件升级改造智能制造项目,检测,3,3,检测设备
富泰华/富联精密（郑州，经开区）,2022,高端手机机构件升级改造智能制造项目,烤炉 隧道式红外线烤炉,2,2,其他工艺设备
富泰华/富联精密（郑州，经开区）,2022,高端手机机构件升级改造智能制造项目,焊接 激光焊接机,4,3,其他工艺设备
富泰华/富联精密（郑州，经开区）,2022,高端手机机构件升级改造智能制造项目,打标 激光打标机,7,5,其他工艺设备
富泰华/富联精密（郑州，经开区）,2022,高端手机机构件升级改造智能制造项目,LED 自动组立机,5,5,自动化专用机
富泰华/富联精密（郑州，经开区）,2022,高端手机机构件升级改造智能制造项目,锁螺丝 锁螺丝机,8,7,其他工艺设备
富泰华/富联精密（郑州，经开区）,2022,高端手机机构件升级改造智能制造项目,检测,16,12,检测设备
富泰华/富联精密（郑州，经开区）,2022,高端手机机构件升级改造智能制造项目,点胶 点胶机,8,9,其他工艺设备
富泰华/富联精密（郑州，经开区）,2022,高端手机机构件升级改造智能制造项目,烤炉 隧道式红外线烤炉,2,2,其他工艺设备
富泰华/富联精密（郑州，经开区）,2022,高端手机机构件升级改造智能制造项目,焊接 激光焊接机,14,14,其他工艺设备
富泰华/富联精密（郑州，经开区）,2022,高端手机机构件升级改造智能制造项目,锯床,1,1,其他工艺设备
富泰华/富联精密（郑州，经开区）,2022,高端手机机构件升级改造智能制造项目,SODICK 线切割机,3,3,其他工艺设备
富泰华/富联精密（郑州，经开区）,2022,高端手机机构件升级改造智能制造项目,SODICK 线切割机,2,2,其他工艺设备
富泰华/富联精密（郑州，经开区）,2022,高端手机机构件升级改造智能制造项目,SODICK 线切割机,1,1,其他工艺设备
富泰华/富联精密（郑州，经开区）,2022,高端手机机构件升级改造智能制造项目,打孔机,1,1,其他工艺设备
富泰华/富联精密（郑州，经开区）,2022,高端手机机构件升级改造智能制造项目,放电机,3,3,其他工艺设备
富泰华/富联精密（郑州，经开区）,2022,高端手机机构件升级改造智能制造项目,机加工 放电机,1,1,其他工艺设备
富泰华/富联精密（郑州，经开区）,2022,高端手机机构件升级改造智能制造项目,模具 CNC,1,1,CNC/数控机床
富泰华/富联精密（郑州，经开区）,2022,高端手机机构件升级改造智能制造项目,CNC,1,1,CNC/数控机床
富泰华/富联精密（郑州，经开区）,2022,高端手机机构件升级改造智能制造项目,切削加工机,6,6,其他工艺设备
富泰华/富联精密（郑州，经开区）,2022,高端手机机构件升级改造智能制造项目,快捷加工机,3,3,其他工艺设备
富泰华/富联精密（郑州，经开区）,2022,高端手机机构件升级改造智能制造项目,16# 快捷加工机,2,2,其他工艺设备
富泰华/富联精密（郑州，经开区）,2022,高端手机机构件升级改造智能制造项目,牧野加工机,1,1,其他工艺设备
富泰华/富联精密（郑州，经开区）,2022,高端手机机构件升级改造智能制造项目,箱式回火炉,2,2,其他工艺设备
富泰华/富联精密（郑州，经开区）,2022,高端手机机构件升级改造智能制造项目,箱式淬火炉,1,1,其他工艺设备
富泰华/富联精密（郑州，经开区）,2022,高端手机机构件升级改造智能制造项目,快捷传统铣床,5,5,其他工艺设备
富泰华/富联精密（郑州，经开区）,2022,高端手机机构件升级改造智能制造项目,准力平面磨床,19,19,其他工艺设备
富泰华/富联精密（郑州，经开区）,2022,高端手机机构件升级改造智能制造项目,自动水磨,1,1,自动化专用机
富泰华/富联精密（郑州，经开区）,2022,高端手机机构件升级改造智能制造项目,自动水磨,1,1,自动化专用机
富泰华/富联精密（郑州，经开区）,2022,高端手机机构件升级改造智能制造项目,传统车床,1,1,其他工艺设备
富泰华/富联精密（郑州，经开区）,2022,高端手机机构件升级改造智能制造项目,传统车床,1,1,其他工艺设备
富泰华/富联精密（郑州，经开区）,2022,高端手机机构件升级改造智能制造项目,镔钛磨床,2,2,其他工艺设备
富泰华/富联精密（郑州，经开区）,2022,高端手机机构件升级改造智能制造项目,无心磨床,1,1,其他工艺设备
富泰华/富联精密（郑州，经开区）,2022,高端手机机构件升级改造智能制造项目,CNC FANUC,496,697,CNC/数控机床
富泰华/富联精密（郑州，经开区）,2022,高端手机机构件升级改造智能制造项目,成型 注塑成型机,12,12,其他工艺设备
富泰华/富联精密（郑州，经开区）,2022,高端手机机构件升级改造智能制造项目,喷砂 喷砂机,3,3,其他工艺设备
富泰华/富联精密（郑州，经开区）,2022,高端手机机构件升级改造智能制造项目,II 型清洗机,2,1,其他工艺设备
富泰华/富联精密（郑州，经开区）,2020,5G智能手机精密机构件生产项目,机加工 CNC 加工中心机 FANUC,3455,4232,CNC/数控机床
富泰华/富联精密（郑州，经开区）,2020,5G智能手机精密机构件生产项目,精雕机 Carver-600V-AU,0,124,CNC/数控机床
富泰华/富联精密（郑州，经开区）,2020,5G智能手机精密机构件生产项目,去毛刺 CNC去毛刺 FANUC,66,184,CNC/数控机床
富泰华/富联精密（郑州，经开区）,2020,5G智能手机精密机构件生产项目,NC毛刺机 鸿准自动化,0,41,自动化专用机
富泰华/富联精密（郑州，经开区）,2020,5G智能手机精密机构件生产项目,喷砂机 BT-SJ-1411-18,38,40,其他工艺设备
富泰华/富联精密（郑州，经开区）,2020,5G智能手机精密机构件生产项目,侧砂机 湿式抛光,91,38,其他工艺设备
富泰华/富联精密（郑州，经开区）,2020,5G智能手机精密机构件生产项目,流体抛光机 顺力发牌|SLF-LRP-NC12-6P-N601型,0,12,其他工艺设备
富泰华/富联精密（郑州，经开区）,2020,5G智能手机精密机构件生产项目,机械手打砂机 FOXCONN牌|AR16120130AFG型,0,216,机器人/机械手
富泰华/富联精密（郑州，经开区）,2020,5G智能手机精密机构件生产项目,湿式抛光机 顺力发|SLF-WMP-ROBAT-NC18-6PC-AS01,0,50,其他工艺设备
富泰华/富联精密（郑州，经开区）,2020,5G智能手机精密机构件生产项目,湿式砂光机 /,0,50,其他工艺设备
富泰华/富联精密（郑州，经开区）,2020,5G智能手机精密机构件生产项目,莱马特抛光机 FOXCONN|无,0,17,其他工艺设备
富泰华/富联精密（郑州，经开区）,2020,5G智能手机精密机构件生产项目,打砂机 /,0,109,其他工艺设备
富泰华/富联精密（郑州，经开区）,2020,5G智能手机精密机构件生产项目,中抛 打砂机,0,70,其他工艺设备
富泰华/富联精密（郑州，经开区）,2020,5G智能手机精密机构件生产项目,成型 成型机 立式成型机,42,41,其他工艺设备
富泰华/富联精密（郑州，经开区）,2020,5G智能手机精密机构件生产项目,注塑成型机 V3-2R-120T型,0,12,其他工艺设备
富泰华/富联精密（郑州，经开区）,2020,5G智能手机精密机构件生产项目,清洗 四槽超声波清洗机 鸿准自动化/东亚太|DYT-4192JX,10,9,自动化专用机
富泰华/富联精密（郑州，经开区）,2020,5G智能手机精密机构件生产项目,隧道清洗机 鸿准自动化,8,8,自动化专用机
富泰华/富联精密（郑州，经开区）,2020,5G智能手机精密机构件生产项目,单臂清洗机 鸿准自动化,10,7,自动化专用机
富泰华/富联精密（郑州，经开区）,2020,5G智能手机精密机构件生产项目,单臂二型清洗机 鸿准自动化,0,2,自动化专用机
富泰华/富联精密（郑州，经开区）,2020,5G智能手机精密机构件生产项目,水基清洗机 /,0,1,其他工艺设备
富泰华/富联精密（郑州，经开区）,2020,5G智能手机精密机构件生产项目,清洗I型机 FOXCONN|BC4021K|AAC16012K型,0,2,其他工艺设备
富泰华/富联精密（郑州，经开区）,2020,5G智能手机精密机构件生产项目,清洗II型机 FOXCONN|BC4018K,3,7,其他工艺设备
富泰华/富联精密（郑州，经开区）,2020,5G智能手机精密机构件生产项目,清洗III型机 FOXCONN|无,3,3,其他工艺设备
富泰华/富联精密（郑州，经开区）,2020,5G智能手机精密机构件生产项目,碳氢真空清洗机 ⅢDS-J352-E,2,7,其他工艺设备
富泰华/富联精密（郑州，经开区）,2020,5G智能手机精密机构件生产项目,29槽清洗 去除污垢清洗工件|超声波清洗|赐福科技牌|AAC16078K型,0,1,其他工艺设备
富泰华/富联精密（郑州，经开区）,2020,5G智能手机精密机构件生产项目,遮蔽、退遮蔽 环形喷涂机 16.94*6.1*3.6,1,1,其他工艺设备
富泰华/富联精密（郑州，经开区）,2020,5G智能手机精密机构件生产项目,龙门线（退遮蔽） FOXCONN|无,1,1,其他工艺设备
富泰华/富联精密（郑州，经开区）,2020,5G智能手机精密机构件生产项目,喷胶 精密喷射机 /,147,327,其他工艺设备
富泰华/富联精密（郑州，经开区）,2020,5G智能手机精密机构件生产项目,点胶 世宗点胶机 SAEJONG牌SJM-500HTV型/500HTV型等,180,348,其他工艺设备
富泰华/富联精密（郑州，经开区）,2020,5G智能手机精密机构件生产项目,浸胶 VI一体机 CAA-QX-G22DA2001型,0,4,其他工艺设备
富泰华/富联精密（郑州，经开区）,2020,5G智能手机精密机构件生产项目,PVD 真空镀膜机 PVD-1900,14,34,其他工艺设备
富泰华/富联精密（郑州，经开区）,2020,5G智能手机精密机构件生产项目,退镀清洗机 PVD退镀,1,2,其他工艺设备
富泰华/富联精密（郑州，经开区）,2020,5G智能手机精密机构件生产项目,治具退镀机 治具退镀,0,1,其他工艺设备
富泰华/富联精密（郑州，经开区）,2020,5G智能手机精密机构件生产项目,NPET NPET生产线 FOXCONN|无,1,1,其他工艺设备
富泰华/富联精密（郑州，经开区）,2020,5G智能手机精密机构件生产项目,阳极 3M阳极线 /,2,1,其他工艺设备
富泰华/富联精密（郑州，经开区）,2020,5G智能手机精密机构件生产项目,Pre-Ano机台（铁牧真） 4M/订制,0,1,其他工艺设备
富泰华/富联精密（郑州，经开区）,2020,5G智能手机精密机构件生产项目,焊接 焊接机 大族|光能转化成热能|rofin牌|SP150型|等,0,475,其他工艺设备
富泰华/富联精密（郑州，经开区）,2020,5G智能手机精密机构件生产项目,烘干 烤炉 |鑫联为牌|3200mm|无,0,42,其他工艺设备
富泰华/富联精密（郑州，经开区）,2020,5G智能手机精密机构件生产项目,打标、组立、检测 激光打标机 泰德|FOXCONN|HZL-F30|YNS-X200MZ-U810/MZ-C701/MZ-U701,363,399,检测设备
富泰华/富联精密（郑州，经开区）,2020,5G智能手机精密机构件生产项目,组立机 SJM-X500VF/DF/Mesh,8,12,其他工艺设备
富泰华/富联精密（郑州，经开区）,2020,5G智能手机精密机构件生产项目,手机零部件尺寸检测仪 DWFRITZ牌|UMP-Module型,199,24,检测设备
富泰华/富联精密（郑州，经开区）,2020,5G智能手机精密机构件生产项目,UMP-T1 DWFRITZ牌|UMP-Module型,0,1,检测设备
富泰华/富联精密（郑州，经开区）,2020,5G智能手机精密机构件生产项目,防水检测仪 /,0,7,检测设备
富泰华/富联精密（郑州，经开区）,2017,手机机构件升级改造项目（技改前现状）,数控机床（MAKINO）,,245,CNC/数控机床
富泰华/富联精密（郑州，经开区）,2017,手机机构件升级改造项目（技改前现状）,数控机床（FANUC）,,5473,CNC/数控机床
富泰华/富联精密（郑州，经开区）,2017,手机机构件升级改造项目（技改前现状）,数控机床,,554,CNC/数控机床
富泰华/富联精密（郑州，经开区）,2017,手机机构件升级改造项目（技改前现状）,双端面研磨机,,15,其他工艺设备
富泰华/富联精密（郑州，经开区）,2017,手机机构件升级改造项目（技改前现状）,单面精密研磨机,,209,其他工艺设备
富泰华/富联精密（郑州，经开区）,2017,手机机构件升级改造项目（技改前现状）,去毛刺机,,78,其他工艺设备
富泰华/富联精密（郑州，经开区）,2017,手机机构件升级改造项目（技改前现状）,抛光及（含砂光）,,155,其他工艺设备
富泰华/富联精密（郑州，经开区）,2017,手机机构件升级改造项目（技改前现状）,成型机,,69,其他工艺设备
富泰华/富联精密（郑州，经开区）,2017,手机机构件升级改造项目（技改前现状）,铆合专用机,,259,自动化专用机
富泰华/富联精密（郑州，经开区）,2017,手机机构件升级改造项目（技改前现状）,冲床,,17,其他工艺设备
富泰华/富联精密（郑州，经开区）,2017,手机机构件升级改造项目（技改前现状）,碳氢清洗机,,4,其他工艺设备
富泰华/富联精密（郑州，经开区）,2017,手机机构件升级改造项目（技改前现状）,超声波清洗机,,18,其他工艺设备
富泰华/富联精密（郑州，经开区）,2017,手机机构件升级改造项目（技改前现状）,单臂清洗机,,20,其他工艺设备
富泰华/富联精密（郑州，经开区）,2017,手机机构件升级改造项目（技改前现状）,隧道清洗机,,12,其他工艺设备
富泰华/富联精密（郑州，经开区）,2017,手机机构件升级改造项目（技改前现状）,清洗Ⅱ型机,,2,其他工艺设备
富泰华/富联精密（郑州，经开区）,2017,手机机构件升级改造项目（技改前现状）,清洗Ⅲ型机,,4,其他工艺设备
富泰华/富联精密（郑州，经开区）,2017,手机机构件升级改造项目（技改前现状）,自动贴膜机,,26,自动化专用机
富泰华/富联精密（郑州，经开区）,2017,手机机构件升级改造项目（技改前现状）,自动撕膜机,,18,自动化专用机
富泰华/富联精密（郑州，经开区）,2017,手机机构件升级改造项目（技改前现状）,喷砂机,,72,其他工艺设备
富泰华/富联精密（郑州，经开区）,2017,手机机构件升级改造项目（技改前现状）,3M 阳极线,,4,其他工艺设备
富泰华/富联精密（郑州，经开区）,2017,手机机构件升级改造项目（技改前现状）,镭射打标机,,272,其他工艺设备
富泰华/富联精密（郑州，经开区）,2017,手机机构件升级改造项目（技改前现状）,专用点胶机,,105,其他工艺设备
富泰华/富联精密（郑州，经开区）,2017,手机机构件升级改造项目（技改前现状）,自动锁螺丝机,,36,自动化专用机
富泰华/富联精密（郑州，经开区）,2017,手机机构件升级改造项目（技改前现状）,机械手,,196,机器人/机械手
富泰华/富联精密（郑州，经开区）,2017,手机机构件升级改造项目（技改前现状）,组立自动化线,,12,自动化专用机
富泰华/富联精密（郑州，经开区）,2017,手机机构件升级改造项目（技改前现状）,自动检测设备,,58,检测设备
富联裕展（河南，航空港综保区）,2026,5G高端智能AI手机精密机构件改造（一期）新增楼层,阳极贴撕膜检测（深色） | 外侧贴膜专用机,0,9,检测设备
富联裕展（河南，航空港综保区）,2026,5G高端智能AI手机精密机构件改造（一期）新增楼层,阳极贴撕膜检测（深色） | Plateau 贴膜专用机,0,4,检测设备
富联裕展（河南，航空港综保区）,2026,5G高端智能AI手机精密机构件改造（一期）新增楼层,阳极贴撕膜检测（深色） | 工作台（人工）,0,11,人工工位/手工工具
富联裕展（河南，航空港综保区）,2026,5G高端智能AI手机精密机构件改造（一期）新增楼层,阳极检验-AOI（外观&内腔） | 阳极后外观检测机,0,4,检测设备
富联裕展（河南，航空港综保区）,2026,5G高端智能AI手机精密机构件改造（一期）新增楼层,阳极检验-AOI（外观&内腔） | 外观检验 1(外侧面+3D+RT),0,28,检测设备
富联裕展（河南，航空港综保区）,2026,5G高端智能AI手机精密机构件改造（一期）新增楼层,阳极检验-AOI（外观&内腔） | 阳极检验-人工（外观&内腔） 外观检验 2(BP 面+平台弧面+平台),0,14,人工工位/手工工具
富联裕展（河南，航空港综保区）,2026,5G高端智能AI手机精密机构件改造（一期）新增楼层,阳极检验-AOI（外观&内腔） | 内腔检验 2,0,14,检测设备
富联裕展（河南，航空港综保区）,2026,5G高端智能AI手机精密机构件改造（一期）新增楼层,阳极检验-AOI（外观&内腔） | Split 金属异色打标 Dx(红色) 打标机：SUM-20T-5HN（改造）,0,2,检测设备
富联裕展（河南，航空港综保区）,2026,5G高端智能AI手机精密机构件改造（一期）新增楼层,阳极检验-AOI（外观&内腔） | VI 前螺纹孔异物清洁专用机,0,3,检测设备
富联裕展（河南，航空港综保区）,2026,5G高端智能AI手机精密机构件改造（一期）新增楼层,阳极检验-AOI（外观&内腔） | 人工作业工作桌,0,6,人工工位/手工工具
富联裕展（河南，航空港综保区）,2026,5G高端智能AI手机精密机构件改造（一期）新增楼层,VI 绑码 | 6MM VI 扫码自动化专用机,0,1,自动化专用机
富联裕展（河南，航空港综保区）,2026,5G高端智能AI手机精密机构件改造（一期）新增楼层,VI | VI/清洗/烘烤一体机（4VI 罐）-II 代,0,2,其他工艺设备
富联裕展（河南，航空港综保区）,2026,5G高端智能AI手机精密机构件改造（一期）新增楼层,VI 去残胶方案 A-自动化 | VI 擦残胶专用机-思灵,0,4,自动化专用机
富联裕展（河南，航空港综保区）,2026,5G高端智能AI手机精密机构件改造（一期）新增楼层,VI 去残胶方案 A-自动化 | 去外侧面残胶,0,18,自动化专用机
富联裕展（河南，航空港综保区）,2026,5G高端智能AI手机精密机构件改造（一期）新增楼层,VI 去残胶方案 A-自动化 | 去内腔残胶,0,6,自动化专用机
富联裕展（河南，航空港综保区）,2026,5G高端智能AI手机精密机构件改造（一期）新增楼层,VI 去残胶方案 A-自动化 | 去中板残胶,0,6,自动化专用机
富联裕展（河南，航空港综保区）,2026,5G高端智能AI手机精密机构件改造（一期）新增楼层,VI 去残胶方案 A-自动化 | 去螺纹孔残胶,0,2,自动化专用机
富联裕展（河南，航空港综保区）,2026,5G高端智能AI手机精密机构件改造（一期）新增楼层,VI 去残胶方案 A-自动化 | Band ALT 检测机,0,1,检测设备
富联裕展（河南，航空港综保区）,2026,5G高端智能AI手机精密机构件改造（一期）新增楼层,VI 去残胶方案 A-自动化 | TF ALT 检测机,0,1,检测设备
富联裕展（河南，航空港综保区）,2026,5G高端智能AI手机精密机构件改造（一期）新增楼层,VI 去残胶方案 A-自动化 | 夹前四周贴膜专用机（1 出 2）,0,6,自动化专用机
富联裕展（河南，航空港综保区）,2026,5G高端智能AI手机精密机构件改造（一期）新增楼层,夹前外侧面贴膜 | 夹前四周贴膜专用机（1 出 1）,0,11,自动化专用机
富联裕展（河南，航空港综保区）,2026,5G高端智能AI手机精密机构件改造（一期）新增楼层,夹前外侧面贴膜 | Plateau 贴膜专用机,0,3,自动化专用机
富联裕展（河南，航空港综保区）,2026,5G高端智能AI手机精密机构件改造（一期）新增楼层,Split 塑胶异色打标 | 打标机,0,74,其他工艺设备
富联裕展（河南，航空港综保区）,2026,5G高端智能AI手机精密机构件改造（一期）新增楼层,Split 塑胶异色打标 | Split 塑胶擦拭自动化专用机,0,116,自动化专用机
富联裕展（河南，航空港综保区）,2026,5G高端智能AI手机精密机构件改造（一期）新增楼层,Split 塑胶异色打标 | 人工作业,0,75,人工工位/手工工具
富联裕展（河南，航空港综保区）,2026,5G高端智能AI手机精密机构件改造（一期）新增楼层,HAL 打标 | 打标机：LSU3EA/HG,0,1,其他工艺设备
富联裕展（河南，航空港综保区）,2026,5G高端智能AI手机精密机构件改造（一期）新增楼层,HAL 打标 | 外侧面+Split,0,10,其他工艺设备
富联裕展（河南，航空港综保区）,2026,5G高端智能AI手机精密机构件改造（一期）新增楼层,VI&Split 塑胶异色打标后检验 | BP 面+平台塑胶+平台,0,13,检测设备
富联裕展（河南，航空港综保区）,2026,5G高端智能AI手机精密机构件改造（一期）新增楼层,VI&Split 塑胶异色打标后检验 | 3D+中板+内腔,0,2,检测设备
富联裕展（河南，航空港综保区）,2026,5G高端智能AI手机精密机构件改造（一期）新增楼层,VI&Split 塑胶异色打标后检验 | Trace 不良录入,0,1,检测设备
富联裕展（河南，航空港综保区）,2026,5G高端智能AI手机精密机构件改造（一期）新增楼层,螺纹孔异物检测 | VI 后螺纹孔异物检测机,0,5,检测设备
富联裕展（河南，航空港综保区）,2026,5G高端智能AI手机精密机构件改造（一期）新增楼层,螺纹孔异物检测 | 侧面贴膜专用机（1 出 2）,0,5,检测设备
富联裕展（河南，航空港综保区）,2026,5G高端智能AI手机精密机构件改造（一期）新增楼层,螺纹孔异物检测 | 侧面贴膜专用机（1 出 1）,0,9,检测设备
富联裕展（河南，航空港综保区）,2026,5G高端智能AI手机精密机构件改造（一期）新增楼层,组装 Plateau 贴膜 | 组装 Plateau 贴膜专用机,0,3,自动化专用机
富联裕展（河南，航空港综保区）,2026,5G高端智能AI手机精密机构件改造（一期）新增楼层,组装 Plateau 贴膜 | 打标机:HDZ-350C-H2,0,52,其他工艺设备
富联裕展（河南，航空港综保区）,2026,5G高端智能AI手机精密机构件改造（一期）新增楼层,铆接 | PIN 铆接专用机-专堂连线,0,2,自动化专用机
富联裕展（河南，航空港综保区）,2026,5G高端智能AI手机精密机构件改造（一期）新增楼层,CNC | FANUC+四轴/FANUC,0,535,CNC/数控机床
富联裕展（河南，航空港综保区）,2026,5G高端智能AI手机精密机构件改造（一期）新增楼层,CNC | 五工位抛光机,0,56,CNC/数控机床
富联裕展（河南，航空港综保区）,2026,5G高端智能AI手机精密机构件改造（一期）新增楼层,湿式砂光 | 湿式抛光-六立柱,0,25,其他工艺设备
富联裕展（河南，航空港综保区）,2026,5G高端智能AI手机精密机构件改造（一期）新增楼层,清洗-湿式砂光后清洗 | 镜面清洗 II 代机,0,1,其他工艺设备
富联裕展（河南，航空港综保区）,2026,5G高端智能AI手机精密机构件改造（一期）新增楼层,湿式砂光清洗后检包-AOI | 湿式砂光外观检测机,0,4,检测设备
富联裕展（河南，航空港综保区）,2026,5G高端智能AI手机精密机构件改造（一期）新增楼层,湿式砂光清洗后检包-人工 | 流水线-10M,0,2,人工工位/手工工具
富联裕展（河南，航空港综保区）,2026,5G高端智能AI手机精密机构件改造（一期）新增楼层,湿式砂光清洗后检包-人工 | Fanuc,0,396,人工工位/手工工具
富联裕展（河南，航空港综保区）,2026,5G高端智能AI手机精密机构件改造（一期）新增楼层,CNC | 机械手(A720 ),0,198,机器人/机械手
富联裕展（河南，航空港综保区）,2026,5G高端智能AI手机精密机构件改造（一期）新增楼层,CNC | 自动化中控台线（线头单线2 电/1 气）,0,26,CNC/数控机床
富联裕展（河南，航空港综保区）,2026,5G高端智能AI手机精密机构件改造（一期）新增楼层,CNC | 激光去毛刺机,0,28,CNC/数控机床
富联裕展（河南，航空港综保区）,2026,5G高端智能AI手机精密机构件改造（一期）新增楼层,CNC | 机械手,0,28,机器人/机械手
富联裕展（河南，航空港综保区）,2026,5G高端智能AI手机精密机构件改造（一期）新增楼层,CNC | 打标机机,0,10,CNC/数控机床
富联裕展（河南，航空港综保区）,2026,5G高端智能AI手机精密机构件改造（一期）新增楼层,CNC | 机械手（A720）,0,10,机器人/机械手
富联裕展（河南，航空港综保区）,2026,5G高端智能AI手机精密机构件改造（一期）新增楼层,CNC | 自动化上料,0,10,CNC/数控机床
富联裕展（河南，航空港综保区）,2026,5G高端智能AI手机精密机构件改造（一期）新增楼层,CNC | 自动化下料,0,10,CNC/数控机床
富联裕展（河南，航空港综保区）,2026,5G高端智能AI手机精密机构件改造（一期）新增楼层,隧道清洗 | 隧道式清洗,0,1,其他工艺设备
富联裕展（河南，航空港综保区）,2026,5G高端智能AI手机精密机构件改造（一期）新增楼层,超声波清洗 | 四槽超声波清洗,0,1,其他工艺设备
富联裕展（河南，航空港综保区）,2026,5G高端智能AI手机精密机构件改造（一期）新增楼层,TT 扫码 | TT 扫码机,0,6,其他工艺设备
富联裕展（河南，航空港综保区）,2026,5G高端智能AI手机精密机构件改造（一期）新增楼层,TT 扫码 | 周边孔尺寸检测机,0,6,检测设备
富联裕展（河南，航空港综保区）,2026,5G高端智能AI手机精密机构件改造（一期）新增楼层,周边孔尺寸检测机 | 机械手,0,6,机器人/机械手
富联裕展（河南，航空港综保区）,2026,5G高端智能AI手机精密机构件改造（一期）新增楼层,周边孔尺寸检测机 | 上料+下料架,0,6,检测设备
富联裕展（河南，航空港综保区）,2026,5G高端智能AI手机精密机构件改造（一期）新增楼层,检包流水线（8M） | 流水线（4M)2 个/条,0,7,其他工艺设备
富联裕展（河南，航空港综保区）,2026,5G高端智能AI手机精密机构件改造（一期）新增楼层,检包流水线（8M） | 倒盘机,0,6,其他工艺设备
富联裕展（河南，航空港综保区）,2026,5G高端智能AI手机精密机构件改造（一期）新增楼层,检包流水线（8M） | 机械手,0,6,机器人/机械手
富联裕展（河南，航空港综保区）,2026,5G高端智能AI手机精密机构件改造（一期）新增楼层,三次元 | 三次元检测,0,20,检测设备
富联裕展（河南，航空港综保区）,2026,5G高端智能AI手机精密机构件改造（一期）新增楼层,自动切削液配比 | 自动切削液配比机,0,1,自动化专用机
富联裕展（河南，航空港综保区）,2026,5G高端智能AI手机精密机构件改造（一期）新增楼层,铆合 | 专堂（自动植入机1 台28KW3P+自动,0,50,自动化专用机
富联裕展（河南，航空港综保区）,2026,5G高端智能AI手机精密机构件改造（一期）新增楼层,铆合 | 赛腾铆压机,0,8,其他工艺设备
富联裕展（河南，航空港综保区）,2026,5G高端智能AI手机精密机构件改造（一期）新增楼层,赛腾 | 赛腾铆压机机械手,0,8,机器人/机械手
富联裕展（河南，航空港综保区）,2026,5G高端智能AI手机精密机构件改造（一期）新增楼层,赛腾 | 赛腾铆压机上下料机,0,8,其他工艺设备
富联裕展（河南，航空港综保区）,2026,5G高端智能AI手机精密机构件改造（一期）新增楼层,赛腾 | 五轴抛光机,0,56,其他工艺设备
富联裕展（河南，航空港综保区）,2026,5G高端智能AI手机精密机构件改造（一期）新增楼层,赛腾 | 机械手,0,28,机器人/机械手
富联裕展（河南，航空港综保区）,2026,5G高端智能AI手机精密机构件改造（一期）新增楼层,砂光 | 自动上下料,0,28,自动化专用机
富联裕展（河南，航空港综保区）,2026,5G高端智能AI手机精密机构件改造（一期）新增楼层,砂光 | 湿式抛光机,0,25,其他工艺设备
富联裕展（河南，航空港综保区）,2026,5G高端智能AI手机精密机构件改造（一期）新增楼层,砂光 | 清洗机,0,1,其他工艺设备
富联裕展（河南，航空港综保区）,2026,5G高端智能AI手机精密机构件改造（一期）新增楼层,砂光 | 贴膜机,0,8,其他工艺设备
富联裕展（河南，航空港综保区）,2026,5G高端智能AI手机精密机构件改造（一期）新增楼层,砂光 | 自动化上下料,0,16,自动化专用机
富联裕展（河南，航空港综保区）,2026,5G高端智能AI手机精密机构件改造（一期）新增楼层,出货 2D 码打标 | 打标机,0,1,其他工艺设备
富联裕展（河南，航空港综保区）,2026,5G高端智能AI手机精密机构件改造（一期）新增楼层,重工 | 手动喷砂机,0,1,人工工位/手工工具
富联裕展（河南，航空港综保区）,2026,5G高端智能AI手机精密机构件改造（一期）新增楼层,UMP T2 检测 | UMP T2,0,2,检测设备
富联裕展（河南，航空港综保区）,2026,5G高端智能AI手机精密机构件改造（一期）新增楼层,UMP T2 检测 | T2 后整形专用机,0,5,检测设备
富联裕展（河南，航空港综保区）,2026,5G高端智能AI手机精密机构件改造（一期）新增楼层,B 基准冷压整形 | B 基准整形专用机,0,1,自动化专用机
富联裕展（河南，航空港综保区）,2026,5G高端智能AI手机精密机构件改造（一期）新增楼层,出货 2D 码打标 | 打标机：YNS-X200-C5,0,7,其他工艺设备
富联裕展（河南，航空港综保区）,2026,5G高端智能AI手机精密机构件改造（一期）新增楼层,HSG 内腔检验/清洁 | 253FQC 内外观清洁专用机,0,4,检测设备
富联裕展（河南，航空港综保区）,2026,5G高端智能AI手机精密机构件改造（一期）新增楼层,HSG 内腔检验/清洁 | SPK&RCVR 贴气防膜专用机,0,3,检测设备
富联裕展（河南，航空港综保区）,2026,5G高端智能AI手机精密机构件改造（一期）新增楼层,HSG 内腔检验/清洁 | 人工作业,0,16,人工工位/手工工具
富联裕展（河南，航空港综保区）,2026,5G高端智能AI手机精密机构件改造（一期）新增楼层,Triad ALT 检测 | Triad ALT 检测机,0,14,检测设备
富联裕展（河南，航空港综保区）,2026,5G高端智能AI手机精密机构件改造（一期）新增楼层,TopfireALT | Topfire ALT 检测机,0,10,检测设备
富联裕展（河南，航空港综保区）,2026,5G高端智能AI手机精密机构件改造（一期）新增楼层,MCH ALT MCH | ALT 检测机,0,12,检测设备
富联裕展（河南，航空港综保区）,2026,5G高端智能AI手机精密机构件改造（一期）新增楼层,AXI 检测 | AXI,0,1,检测设备
富联裕展（河南，航空港综保区）,2026,5G高端智能AI手机精密机构件改造（一期）新增楼层,FQC-外观检验 | 组装 HSG FQC 外观检测机,0,4,检测设备
富联裕展（河南，航空港综保区）,2026,5G高端智能AI手机精密机构件改造（一期）新增楼层,FQC-外观检验 | 流水线,0,30,检测设备
富联裕展（河南，航空港综保区）,2026,5G高端智能AI手机精密机构件改造（一期）新增楼层,FQC-贴出货膜 | 组装贴出货膜连线专用机,0,3,自动化专用机
富联裕展（河南，航空港综保区）,2026,5G高端智能AI手机精密机构件改造（一期）新增楼层,FQC-贴出货膜 | Rcam CIPP 一体机-新制,0,1,其他工艺设备
富联裕展（河南，航空港综保区）,2026,5G高端智能AI手机精密机构件改造（一期）新增楼层,FQC-贴出货膜 | Rcam CIPP 一体机-改造,0,3,其他工艺设备
富联裕展（河南，航空港综保区）,2026,5G高端智能AI手机精密机构件改造（一期）新增楼层,FQC 成品出货 | 6MM 检包线自动扫码专用机,0,2,自动化专用机
富联裕展（河南，航空港综保区）,2026,5G高端智能AI手机精密机构件改造（一期）新增楼层,尺寸检测 | 螺纹孔小径检测机,0,1,检测设备
富联裕展（河南，航空港综保区）,2026,5G高端智能AI手机精密机构件改造（一期）新增楼层,尺寸检测 | 流水线,0,71,检测设备
富联裕展（河南，航空港综保区）,2026,5G高端智能AI手机精密机构件改造（一期）新增楼层,FQC 内腔检验 | 6MM 全制程检包线自动扫码专用机,0,6,检测设备
富联裕展（河南，航空港综保区）,2026,5G高端智能AI手机精密机构件改造（一期）新增楼层,FQC 内腔检验 | 6MM 全制程自动冲击力检测机,0,3,检测设备
富联裕展（河南，航空港综保区）,2026,5G高端智能AI手机精密机构件改造（一期）新增楼层,撕 Trim 外保护膜 | 人工作业,0,4,人工工位/手工工具
富联裕展（河南，航空港综保区）,2026,5G高端智能AI手机精密机构件改造（一期）新增楼层,Rcam 焊接 | Rcam 焊接连线自动化-世宗磁悬浮,0,3,自动化专用机
富联裕展（河南，航空港综保区）,2026,5G高端智能AI手机精密机构件改造（一期）新增楼层,Rcam 焊接 | 世宗改造倍速鍊,0,1,其他工艺设备
富联裕展（河南，航空港综保区）,2026,5G高端智能AI手机精密机构件改造（一期）新增楼层,ALT 测试 | Pre Welding ALT 检测机-10 穴,0,4,检测设备
富联裕展（河南，航空港综保区）,2026,5G高端智能AI手机精密机构件改造（一期）新增楼层,ALT 测试 | 焊接机:700Z,0,13,其他工艺设备
富联裕展（河南，航空港综保区）,2026,5G高端智能AI手机精密机构件改造（一期）新增楼层,ALT 测试 | 焊接机:200S,0,13,其他工艺设备
富联裕展（河南，航空港综保区）,2026,5G高端智能AI手机精密机构件改造（一期）新增楼层,Rcam 焊接 OP3 | 焊接机:700Z,0,9,其他工艺设备
富联裕展（河南，航空港综保区）,2026,5G高端智能AI手机精密机构件改造（一期）新增楼层,Rcam 焊接 OP4 | 焊接机:200S,0,9,其他工艺设备
富联裕展（河南，航空港综保区）,2026,5G高端智能AI手机精密机构件改造（一期）新增楼层,ALT 复测重工(10%) | Pre Welding ALT 检测机-6 穴,0,1,检测设备
富联裕展（河南，航空港综保区）,2026,5G高端智能AI手机精密机构件改造（一期）新增楼层,A 基准 Thin PU | 世宗点胶机,0,18,其他工艺设备
富联裕展（河南，航空港综保区）,2026,5G高端智能AI手机精密机构件改造（一期）新增楼层,A 基准 Thin PU | 世宗点胶机,0,1,其他工艺设备
富联裕展（河南，航空港综保区）,2026,5G高端智能AI手机精密机构件改造（一期）新增楼层,A 基准 Thin PU | 流水线,0,2,其他工艺设备
富联裕展（河南，航空港综保区）,2026,5G高端智能AI手机精密机构件改造（一期）新增楼层,APU | 世宗点胶机,0,127,其他工艺设备
富联裕展（河南，航空港综保区）,2026,5G高端智能AI手机精密机构件改造（一期）新增楼层,PU1 夹 | 世宗点胶机,0,65,其他工艺设备
富联裕展（河南，航空港综保区）,2026,5G高端智能AI手机精密机构件改造（一期）新增楼层,预烤 1 | 立式烤箱,0,4,其他工艺设备
富联裕展（河南，航空港综保区）,2026,5G高端智能AI手机精密机构件改造（一期）新增楼层,PU2 夹（CG+BG 面点胶） | 世宗点胶机,0,21,其他工艺设备
富联裕展（河南，航空港综保区）,2026,5G高端智能AI手机精密机构件改造（一期）新增楼层,PU3 夹 | 世宗点胶机,0,27,其他工艺设备
富联裕展（河南，航空港综保区）,2026,5G高端智能AI手机精密机构件改造（一期）新增楼层,PU A/B 基准偏大清胶 | PU 2 夹点胶机世宗点胶机,0,2,其他工艺设备
富联裕展（河南，航空港综保区）,2026,5G高端智能AI手机精密机构件改造（一期）新增楼层,PU A/B 基准偏大清胶 | 世宗点胶机,0,2,其他工艺设备
富联裕展（河南，航空港综保区）,2026,5G高端智能AI手机精密机构件改造（一期）新增楼层,PU A/B 基准偏大清胶 | 流水线,0,12,其他工艺设备
富联裕展（河南，航空港综保区）,2026,5G高端智能AI手机精密机构件改造（一期）新增楼层,预烤 2 | 立式烤箱,0,4,其他工艺设备
富联裕展（河南，航空港综保区）,2026,5G高端智能AI手机精密机构件改造（一期）新增楼层,高温加烤 | 立式烤箱,0,7,其他工艺设备
富联裕展（河南，航空港综保区）,2026,5G高端智能AI手机精密机构件改造（一期）新增楼层,De-PU | CO2 打标机,0,89,其他工艺设备
富联裕展（河南，航空港综保区）,2026,5G高端智能AI手机精密机构件改造（一期）新增楼层,UVPU 机台检测 | UVPU(EMD 改造),0,3,检测设备
富联裕展（河南，航空港综保区）,2026,5G高端智能AI手机精密机构件改造（一期）新增楼层,UVPU 机台检测 | 世宗点胶机,0,1,检测设备
富联裕展（河南，航空港综保区）,2026,5G高端智能AI手机精密机构件改造（一期）新增楼层,UVPU 机台检测 | 流水线,0,6,检测设备
富联裕展（河南，航空港综保区）,2026,5G高端智能AI手机精密机构件改造（一期）新增楼层,ALT 检测 2 | Band ALT 检测机,0,1,检测设备
富联裕展（河南，航空港综保区）,2026,5G高端智能AI手机精密机构件改造（一期）新增楼层,HSG 四周贴膜 2 | HSG 侧面贴膜专用机（1 出 2）,0,1,自动化专用机
富联裕展（河南，航空港综保区）,2026,5G高端智能AI手机精密机构件改造（一期）新增楼层,pad1&pad2&pad3&GNDPad 焊接 | 自动化连线,0,11,自动化专用机
富联裕展（河南，航空港综保区）,2026,5G高端智能AI手机精密机构件改造（一期）新增楼层,pad1&pad2&pad3&GNDPad 焊接 | HSG&PAD1&PAD2&PAD3焊接 焊接机：HN-DMW700Z-CCD,0,3,其他工艺设备
富联裕展（河南，航空港综保区）,2026,5G高端智能AI手机精密机构件改造（一期）新增楼层,Grounding Tab 焊接 | 焊接机：HN-DMW700Z-CCD,0,3,其他工艺设备
富联裕展（河南，航空港综保区）,2026,5G高端智能AI手机精密机构件改造（一期）新增楼层,焊接后清理焊烟 | 人工作业,0,2,人工工位/手工工具
富联裕展（河南，航空港综保区）,2026,5G高端智能AI手机精密机构件改造（一期）新增楼层,焊接后清理焊烟 | 钝化,0,16,其他工艺设备
富联裕展（河南，航空港综保区）,2026,5G高端智能AI手机精密机构件改造（一期）新增楼层,CG Snap 锁螺丝 | CG Snap 锁螺丝全自动专用机,0,6,自动化专用机
富联裕展（河南，航空港综保区）,2026,5G高端智能AI手机精密机构件改造（一期）新增楼层,SPK&RCVR 组立 | SPK&RCVR 组立自动化,0,8,自动化专用机
富联裕展（河南，航空港综保区）,2026,5G高端智能AI手机精密机构件改造（一期）新增楼层,SPK&RCVR 组立 | 8M 烤炉,0,2,其他工艺设备
富联裕展（河南，航空港综保区）,2026,5G高端智能AI手机精密机构件改造（一期）新增楼层,peridot 孔分 Bin | Peridot 组立自适应点胶拟合专用机,0,2,自动化专用机
富联裕展（河南，航空港综保区）,2026,5G高端智能AI手机精密机构件改造（一期）新增楼层,peridot to HSG 组立-世宗 | peridotwindowtoHSG 组立自动化,0,9,自动化专用机
富联裕展（河南，航空港综保区）,2026,5G高端智能AI手机精密机构件改造（一期）新增楼层,组装撕膜(侧面膜+plateau 膜) | 撕侧面膜专用机,0,12,自动化专用机
富联裕展（河南，航空港综保区）,2026,5G高端智能AI手机精密机构件改造（一期）新增楼层,撕四周膜 | 工作桌,0,6,人工工位/手工工具
富联裕展（河南，航空港综保区）,2026,5G高端智能AI手机精密机构件改造（一期）新增楼层,撕 Plateau 膜 | 工作桌,0,3,人工工位/手工工具
富联裕展（河南，航空港综保区）,2026,5G高端智能AI手机精密机构件改造（一期）改建楼层,上压合治具 | 自动上下压合治具专用机,16,16,自动化专用机
富联裕展（河南，航空港综保区）,2026,5G高端智能AI手机精密机构件改造（一期）改建楼层,Volumax | Volumax,2,2,其他工艺设备
富联裕展（河南，航空港综保区）,2026,5G高端智能AI手机精密机构件改造（一期）改建楼层,上压合治具 | 自动上下压合治具专用机,0,6,自动化专用机
富联裕展（河南，航空港综保区）,2026,5G高端智能AI手机精密机构件改造（一期）改建楼层,ANO-MCH | 阳极机台(3M)-C 线,1,1,其他工艺设备
富联裕展（河南，航空港综保区）,2026,5G高端智能AI手机精密机构件改造（一期）改建楼层,UMP TK 检测 | UMP-TK,0,2,检测设备
富联裕展（河南，航空港综保区）,2026,5G高端智能AI手机精密机构件改造（一期）改建楼层,CNC | FANUC+四轴/FANUC,331,327,CNC/数控机床
富联裕展（河南，航空港综保区）,2026,5G高端智能AI手机精密机构件改造（一期）改建楼层,CNC | 超声波清洗机（四槽）,1,1,CNC/数控机床
富联裕展（河南，航空港综保区）,2026,5G高端智能AI手机精密机构件改造（一期）改建楼层,CNC | 隧道式清洗机-16M,1,1,CNC/数控机床
富联裕展（河南，航空港综保区）,2026,5G高端智能AI手机精密机构件改造（一期）改建楼层,CNC | 流水线-10M,1,1,CNC/数控机床
富联裕展（河南，航空港综保区）,2026,5G高端智能AI手机精密机构件改造（一期）改建楼层,CNC 后检包 | CG/BG内长宽&RT宽度检测机,1,1,CNC/数控机床
富联裕展（河南，航空港综保区）,2026,5G高端智能AI手机精密机构件改造（一期）改建楼层,CNC 后检包 | Split 宽度检测机(直线型),1,1,CNC/数控机床
富联裕展（河南，航空港综保区）,2026,5G高端智能AI手机精密机构件改造（一期）改建楼层,CNC 后检包 | 五工位抛光机,66,68,CNC/数控机床
富联裕展（河南，航空港综保区）,2026,5G高端智能AI手机精密机构件改造（一期）改建楼层,湿式砂光 | 湿式抛光-六立柱,32,32,其他工艺设备
富联裕展（河南，航空港综保区）,2026,5G高端智能AI手机精密机构件改造（一期）改建楼层,湿式砂光后清洗 | 多功能精密清洗 I 型机-A,3,3,其他工艺设备
富联裕展（河南，航空港综保区）,2026,5G高端智能AI手机精密机构件改造（一期）改建楼层,湿式砂光清洗后检包 | 湿式砂光外观检测机,4,6,检测设备
富联裕展（河南，航空港综保区）,2026,5G高端智能AI手机精密机构件改造（一期）改建楼层,湿式砂光清洗后检包-人工 | 流水线-10M,2,2,人工工位/手工工具
富联裕展（河南，航空港综保区）,2026,5G高端智能AI手机精密机构件改造（一期）改建楼层,5 夹前外侧面贴膜 | 四周贴膜专用机（1 出 2）,10,10,自动化专用机
富联裕展（河南，航空港综保区）,2026,5G高端智能AI手机精密机构件改造（一期）改建楼层,CNC | Fanuc+四轴,369,344,CNC/数控机床
富联裕展（河南，航空港综保区）,2026,5G高端智能AI手机精密机构件改造（一期）改建楼层,上胶塞 | 流水线-10M,1,2,其他工艺设备
富联裕展（河南，航空港综保区）,2026,5G高端智能AI手机精密机构件改造（一期）改建楼层,撕膜后内外观检测（来料） | 流水线-10M,0,3,检测设备
富联裕展（河南，航空港综保区）,2026,5G高端智能AI手机精密机构件改造（一期）改建楼层,TF 遮蔽点胶 | 世宗点胶机,0,4,其他工艺设备
富联裕展（河南，航空港综保区）,2026,5G高端智能AI手机精密机构件改造（一期）改建楼层,Plateau&Split 遮蔽点胶 | 世宗点胶机（单阀）,0,73,其他工艺设备
富联裕展（河南，航空港综保区）,2026,5G高端智能AI手机精密机构件改造（一期）改建楼层,Plateau&Split 遮蔽点胶 | 世宗点胶机(双阀),0,21,其他工艺设备
富联裕展（河南，航空港综保区）,2026,5G高端智能AI手机精密机构件改造（一期）改建楼层,TF 遮蔽点胶 | 世宗点胶机,3,3,其他工艺设备
富联裕展（河南，航空港综保区）,2026,5G高端智能AI手机精密机构件改造（一期）改建楼层,263 启元-TF | 世宗点胶机,1,1,其他工艺设备
富联裕展（河南，航空港综保区）,2026,5G高端智能AI手机精密机构件改造（一期）改建楼层,Plateau&Split 遮蔽点胶-单阀 | 世宗点胶机,69,69,其他工艺设备
富联裕展（河南，航空港综保区）,2026,5G高端智能AI手机精密机构件改造（一期）改建楼层,Plateau&Split 遮蔽点胶-双阀 | 世宗点胶机,21,21,其他工艺设备
富联裕展（河南，航空港综保区）,2026,5G高端智能AI手机精密机构件改造（一期）改建楼层,263 启元-Split-单阀 | 世宗点胶机,4,4,其他工艺设备
富联裕展（河南，航空港综保区）,2026,5G高端智能AI手机精密机构件改造（一期）改建楼层,A 基准 Thin PU | 世宗点胶机,11,11,其他工艺设备
富联裕展（河南，航空港综保区）,2026,5G高端智能AI手机精密机构件改造（一期）改建楼层,Thin PU 后清胶补胶 | 世宗点胶机,1,1,其他工艺设备
富联裕展（河南，航空港综保区）,2026,5G高端智能AI手机精密机构件改造（一期）改建楼层,APU 夹 | 世宗点胶机,9,79,其他工艺设备
富联裕展（河南，航空港综保区）,2026,5G高端智能AI手机精密机构件改造（一期）改建楼层,PU1 夹 | 世宗点胶机,41,41,其他工艺设备
富联裕展（河南，航空港综保区）,2026,5G高端智能AI手机精密机构件改造（一期）改建楼层,预烤 1 | 立式烤箱,3,3,其他工艺设备
富联裕展（河南，航空港综保区）,2026,5G高端智能AI手机精密机构件改造（一期）改建楼层,PU2 夹（CG+BG 面点胶） | 世宗点胶机,35,36,其他工艺设备
富联裕展（河南，航空港综保区）,2026,5G高端智能AI手机精密机构件改造（一期）改建楼层,PU3 夹（Topfire 内腔点胶） | 世宗点胶机,17,18,其他工艺设备
富联裕展（河南，航空港综保区）,2026,5G高端智能AI手机精密机构件改造（一期）改建楼层,预烤 2 | 立式烤箱,3,3,其他工艺设备
富联裕展（河南，航空港综保区）,2026,5G高端智能AI手机精密机构件改造（一期）改建楼层,高温加烤 | 立式烤箱,4,4,其他工艺设备
富联裕展（河南，航空港综保区）,2026,5G高端智能AI手机精密机构件改造（一期）改建楼层,De-PU（Top fire） | CO2 打标机,56,56,其他工艺设备
富联裕展（河南，航空港综保区）,2026,5G高端智能AI手机精密机构件改造（一期）改建楼层,UVPU 机台检测 | UVPU(EMD 改造),2,2,检测设备
富联裕展（河南，航空港综保区）,2026,5G高端智能AI手机精密机构件改造（一期）改建楼层,ALT 检测 2 | Band ALT 检测机,1,1,检测设备
富联裕展（河南，航空港综保区）,2026,5G高端智能AI手机精密机构件改造（一期）改建楼层,ALT 检测 3 | TF ALT 检测机,1,1,检测设备
富联裕展（河南，航空港综保区）,2026,5G高端智能AI手机精密机构件改造（一期）改建楼层,HSG 四周贴膜 2 | HSG 侧面贴膜专用机（1 出1）,1,1,自动化专用机
富联裕展（河南，航空港综保区）,2026,5G高端智能AI手机精密机构件改造（一期）改建楼层,钝化 | 世宗自动喷涂机,6,7,自动化专用机
富联裕展（河南，航空港综保区）,2026,5G高端智能AI手机精密机构件改造（一期）改建楼层,钝化 | ,10,10,其他工艺设备
富联裕展（河南，航空港综保区）,2026,5G高端智能AI手机精密机构件改造（一期）改建楼层,钝化 | CGSnap 锁螺丝全自动专用机,1,1,自动化专用机
富联裕展（河南，航空港综保区）,2026,5G高端智能AI手机精密机构件改造（一期）改建楼层,钝化 | ,2,2,其他工艺设备
富联裕展（河南，航空港综保区）,2026,5G高端智能AI手机精密机构件改造（一期）改建楼层,钝化 | SPK&RCVR 组立自动化,5,5,自动化专用机
富联裕展（河南，航空港综保区）,2026,5G高端智能AI手机精密机构件改造（一期）改建楼层,钝化 | 8M 双层隧道烤炉,3,2,其他工艺设备
富联裕展（河南，航空港综保区）,2026,5G高端智能AI手机精密机构件改造（一期）改建楼层,钝化 | peridotwindowtoHSG（新机）,3,3,其他工艺设备
富联裕展（河南，航空港综保区）,2026,5G高端智能AI手机精密机构件改造（一期）改建楼层,钝化 | peridotwindowtoHSG（改造）,2,2,其他工艺设备
富联裕展（河南，航空港综保区）,2026,5G高端智能AI手机精密机构件改造（一期）改建楼层,组装撕膜(侧面膜+plateau 膜) | 撕侧面膜专用机,8,8,自动化专用机
富联裕展（河南，航空港综保区）,2026,5G高端智能AI手机精密机构件改造（一期）改建楼层,CNC | Fanuc+四轴,292,382,CNC/数控机床
富联裕展（河南，航空港综保区）,2026,5G高端智能AI手机精密机构件改造（一期）改建楼层,CNC | 四周贴膜专用机（1 出 1）,1,6,CNC/数控机床
富联裕展（河南，航空港综保区）,2026,5G高端智能AI手机精密机构件改造（一期）改建楼层,CNC | 四周贴膜专用机（1 出 2）,0,3,CNC/数控机床
富联裕展（河南，航空港综保区）,2026,5G高端智能AI手机精密机构件改造（一期）改建楼层,Plateau 贴膜 | Plateau 贴膜专用机,0,4,自动化专用机
富联裕展（河南，航空港综保区）,2026,5G高端智能AI手机精密机构件改造（一期）改建楼层,喷射 | ABB 打砂机,0,5,机器人/机械手
富联裕展（河南，航空港综保区）,2026,5G高端智能AI手机精密机构件改造（一期）改建楼层,撕膜 3 | 撕膜 3 专用机,0,13,自动化专用机
富联裕展（河南，航空港综保区）,2026,5G高端智能AI手机精密机构件改造（一期）改建楼层,CNC | Fanuc+四轴,429,430,CNC/数控机床
富联裕展（河南，航空港综保区）,2026,5G高端智能AI手机精密机构件改造（一期）改建楼层,CNC | Fanuc+四轴,180,192,CNC/数控机床
富联裕展（河南，航空港综保区）,2026,5G高端智能AI手机精密机构件改造（一期）改建楼层,CNC | 精雕机-600VM,90,92,CNC/数控机床
富联裕展（河南，航空港综保区）,2026,5G高端智能AI手机精密机构件改造（一期）改建楼层,周边孔尺寸检测 | 周边孔尺寸检测机,3,6,检测设备
富联裕展（河南，航空港综保区）,2026,5G高端智能AI手机精密机构件改造（一期）改建楼层,螺纹孔小径检测 | 螺纹孔小径检测机,6,7,检测设备
富联裕展（河南，航空港综保区）,2026,5G高端智能AI手机精密机构件改造（一期）改建楼层,撕膜 | 撕膜专用机,13,15,自动化专用机
富联裕展（河南，航空港综保区）,2026,5G高端智能AI手机精密机构件改造（一期）改建楼层,抛光 | 五工位抛光机,23,23,其他工艺设备
富联裕展（河南，航空港综保区）,2026,5G高端智能AI手机精密机构件改造（一期）改建楼层,CNC | Fanuc+四轴,411,411,CNC/数控机床
富联裕展（河南，航空港综保区）,2026,5G高端智能AI手机精密机构件改造（一期）改建楼层,CNC | Fanuc+四轴,85,138,CNC/数控机床
富联裕展（河南，航空港综保区）,2026,5G高端智能AI手机精密机构件改造（一期）改建楼层,CNC | 精雕机-600VM,8,55,CNC/数控机床
富联裕展（河南，航空港综保区）,2026,5G高端智能AI手机精密机构件改造（一期）改建楼层,CNC | 精雕机-600VB,21,30,CNC/数控机床
富联裕展（河南，航空港综保区）,2026,5G高端智能AI手机精密机构件改造（一期）改建楼层,周边孔尺寸检测 | 周边孔尺寸检测机,0,4,检测设备
富联裕展（河南，航空港综保区）,2026,5G高端智能AI手机精密机构件改造（一期）改建楼层,螺纹孔小径检测 | 螺纹孔小径检测机,0,5,检测设备
富联裕展（河南，航空港综保区）,2026,5G高端智能AI手机精密机构件改造（一期）改建楼层,撕膜 | 撕膜专用机,11,11,自动化专用机
富联裕展（河南，航空港综保区）,2026,5G高端智能AI手机精密机构件改造（一期）改建楼层,抛光 | 五工位抛光机,0,18,其他工艺设备
富联裕展（河南，航空港综保区）,2026,5G高端智能AI手机精密机构件改造（一期）改建楼层,抛光 | NC 去毛刺后外观检测 NC 去毛刺后外观检测机,0,4,检测设备
富联裕展（河南，航空港综保区）,2026,5G高端智能AI手机精密机构件改造（一期）改建楼层,CNC | FANUC,89,114,CNC/数控机床
富联裕展（河南，航空港综保区）,2026,5G高端智能AI手机精密机构件改造（一期）改建楼层,整形 | 中板整形专用机,8,10,自动化专用机
富联裕展（河南，航空港综保区）,2026,5G高端智能AI手机精密机构件改造（一期）改建楼层,撕膜 | 撕膜专用机,4,17,自动化专用机
富联裕展（河南，航空港综保区）,2026,5G高端智能AI手机精密机构件改造（一期）改建楼层,喷射 | 喷射（ABB 改造）,0,8,机器人/机械手
富联裕展（河南，航空港综保区）,2026,5G高端智能AI手机精密机构件改造（一期）改建楼层,喷射 | Split 金属异色打标（Dx/Cx）打标机：SUM-20T-5HN（改造）,3,3,其他工艺设备
富联裕展（河南，航空港综保区）,2026,5G高端智能AI手机精密机构件改造（一期）改建楼层,VI 前吹异物 | VI 前螺纹孔异物清洁专用机,5,5,自动化专用机
富联裕展（河南，航空港综保区）,2026,5G高端智能AI手机精密机构件改造（一期）改建楼层,VI 前吹异物 | VI/清洗/烘烤一体机(4VI罐)-1代,2,2,其他工艺设备
富联裕展（河南，航空港综保区）,2026,5G高端智能AI手机精密机构件改造（一期）改建楼层,VI 前吹异物 | VI/清洗/烘烤一体机(2VI罐)-2代,1,1,其他工艺设备
富联裕展（河南，航空港综保区）,2026,5G高端智能AI手机精密机构件改造（一期）改建楼层,VI 去残胶 | VI 擦残胶专用机-思灵,5,5,自动化专用机
富联裕展（河南，航空港综保区）,2026,5G高端智能AI手机精密机构件改造（一期）改建楼层,VI 去残胶 | Band ALT 检测机,1,1,检测设备
富联裕展（河南，航空港综保区）,2026,5G高端智能AI手机精密机构件改造（一期）改建楼层,VI 去残胶 | TF ALT 检测机,1,1,检测设备
富联裕展（河南，航空港综保区）,2026,5G高端智能AI手机精密机构件改造（一期）改建楼层,VI 去残胶 | 四周贴膜专用机（1 出 1）,7,7,自动化专用机
富联裕展（河南，航空港综保区）,2026,5G高端智能AI手机精密机构件改造（一期）改建楼层,VI 去残胶 | 四周贴膜专用机（1 出 2）,6,6,自动化专用机
富联裕展（河南，航空港综保区）,2026,5G高端智能AI手机精密机构件改造（一期）改建楼层,VI 去残胶 | Plateau 贴膜专用机,5,3,自动化专用机
富联裕展（河南，航空港综保区）,2026,5G高端智能AI手机精密机构件改造（一期）改建楼层,撕膜后清洗 | 清洗 III 型机,1,1,其他工艺设备
富联裕展（河南，航空港综保区）,2026,5G高端智能AI手机精密机构件改造（一期）改建楼层,Split 塑胶异色打标（TF) | 打标机：HLS-CSD10+CCD,94,94,其他工艺设备
富联裕展（河南，航空港综保区）,2026,5G高端智能AI手机精密机构件改造（一期）改建楼层,HAL 打标 | 打标机：LSU3EA/HG,1,1,其他工艺设备
富联裕展（河南，航空港综保区）,2026,5G高端智能AI手机精密机构件改造（一期）改建楼层,螺纹孔异物检测 | VI 后螺纹孔异物检测机,8,8,检测设备
富联裕展（河南，航空港综保区）,2026,5G高端智能AI手机精密机构件改造（一期）改建楼层,螺纹孔异物检测 | 侧面贴膜专用机（1 出 2）,9,9,检测设备
富联裕展（河南，航空港综保区）,2026,5G高端智能AI手机精密机构件改造（一期）改建楼层,螺纹孔异物检测 | 贴小膜（人工）,6,6,人工工位/手工工具
富联裕展（河南，航空港综保区）,2026,5G高端智能AI手机精密机构件改造（一期）改建楼层,组装 Plateau 贴膜 | 组装 Plateau 贴膜专用机,5,5,自动化专用机
富联裕展（河南，航空港综保区）,2026,5G高端智能AI手机精密机构件改造（一期）改建楼层,组装 Plateau 贴膜 | 打标机:HDZ-350C-H2,73,73,其他工艺设备
富联裕展（河南，航空港综保区）,2026,5G高端智能AI手机精密机构件改造（一期）改建楼层,铆接 | PIN 铆接专用机-专堂,11,11,自动化专用机
富联裕展（河南，航空港综保区）,2026,5G高端智能AI手机精密机构件改造（一期）改建楼层,铆接 | 装 Washer+Trim,6,6,其他工艺设备
富联裕展（河南，航空港综保区）,2026,5G高端智能AI手机精密机构件改造（一期）改建楼层,ALT 测试 | PreWeldingALT 检测机-10 穴,6,6,检测设备
富联裕展（河南，航空港综保区）,2026,5G高端智能AI手机精密机构件改造（一期）改建楼层,Rcam 焊接 | 焊接机:700Z,36,36,其他工艺设备
富联裕展（河南，航空港综保区）,2026,5G高端智能AI手机精密机构件改造（一期）改建楼层,(Washer&Trim 焊接) | 焊接机:200S,18,18,其他工艺设备
富联裕展（河南，航空港综保区）,2026,5G高端智能AI手机精密机构件改造（一期）改建楼层,ALT 复测重工(10%) | PreWeldingALT 检测机-6 穴,1,1,检测设备
富联裕展（河南，航空港综保区）,2026,5G高端智能AI手机精密机构件改造（一期）改建楼层,Rcam 焊接-OP1 重工 | 焊接机,1,1,其他工艺设备
富联裕展（河南，航空港综保区）,2026,5G高端智能AI手机精密机构件改造（一期）改建楼层,上 I/O 胶塞 | 自动上 IO 孔胶塞专用机,3,5,自动化专用机
富联裕展（河南，航空港综保区）,2026,5G高端智能AI手机精密机构件改造（一期）改建楼层,撕膜 | 撕膜专用机 ABB 改,7,20,机器人/机械手
富联裕展（河南，航空港综保区）,2026,5G高端智能AI手机精密机构件改造（一期）改建楼层,清洗 | 清洗 I 代机,1,1,其他工艺设备
富联裕展（河南，航空港综保区）,2026,5G高端智能AI手机精密机构件改造（一期）改建楼层,上胶塞 | 流水线-10M,1,2,其他工艺设备
富联裕展（河南，航空港综保区）,2026,5G高端智能AI手机精密机构件改造（一期）改建楼层,上胶塞 | 世宗点胶机（单阀）,32,42,其他工艺设备
富联裕展（河南，航空港综保区）,2026,5G高端智能AI手机精密机构件改造（一期）改建楼层,上胶塞 | 世宗点胶机(双阀),37,37,其他工艺设备
富联裕展（河南，航空港综保区）,2026,5G高端智能AI手机精密机构件改造（一期）改建楼层,TF 遮蔽点胶 | 世宗点胶机,6,5,其他工艺设备
富联裕展（河南，航空港综保区）,2026,5G高端智能AI手机精密机构件改造（一期）改建楼层,Plateau&Split 遮蔽点胶 | 世宗点胶机,10,10,其他工艺设备
富联裕展（河南，航空港综保区）,2026,5G高端智能AI手机精密机构件改造（一期）改建楼层,Plateau&Split 遮蔽点胶-单阀 | 世宗点胶机,29,29,其他工艺设备
富联裕展（河南，航空港综保区）,2026,5G高端智能AI手机精密机构件改造（一期）改建楼层,Plateau&Split 遮蔽点胶-双阀 | 世宗点胶机,37,37,其他工艺设备
富联裕展（河南，航空港综保区）,2026,5G高端智能AI手机精密机构件改造（一期）改建楼层,263 启元-Split-单阀 | 世宗点胶机,3,3,其他工艺设备
富联裕展（河南，航空港综保区）,2026,5G高端智能AI手机精密机构件改造（一期）改建楼层,TF 遮蔽点胶 | 世宗点胶机,2,2,其他工艺设备
富联裕展（河南，航空港综保区）,2026,5G高端智能AI手机精密机构件改造（一期）改建楼层,CNC | FANUC+四轴/ANUC,410,435,CNC/数控机床
富联裕展（河南，航空港综保区）,2026,5G高端智能AI手机精密机构件改造（一期）改建楼层,CNC 后清洗 | 镜面清洗 II 代机,1,1,CNC/数控机床
富联裕展（河南，航空港综保区）,2026,5G高端智能AI手机精密机构件改造（一期）改建楼层,CNC 后检包 | 流水线-10M,1,1,CNC/数控机床
富联裕展（河南，航空港综保区）,2026,5G高端智能AI手机精密机构件改造（一期）改建楼层,UMP T2 检测 | UMP T2,3,4,检测设备
富联裕展（河南，航空港综保区）,2026,5G高端智能AI手机精密机构件改造（一期）改建楼层,BG 凸中板冷压整形 | T2 后整形专用机,1,1,自动化专用机
富联裕展（河南，航空港综保区）,2026,5G高端智能AI手机精密机构件改造（一期）改建楼层,CG 凸中板冷压整形 | T2 后整形专用机,7,7,自动化专用机
富联裕展（河南，航空港综保区）,2026,5G高端智能AI手机精密机构件改造（一期）改建楼层,HSG 整形 | 打标机：SHAPE-20R,1,1,其他工艺设备
富联裕展（河南，航空港综保区）,2026,5G高端智能AI手机精密机构件改造（一期）改建楼层,出货 2D 码打标 | 打标机：YNS-X200-C5,12,12,其他工艺设备
富联裕展（河南，航空港综保区）,2026,5G高端智能AI手机精密机构件改造（一期）改建楼层,HSG 内腔检验/清洁 | 253FQC 内外观清洁专用机,6,6,检测设备
富联裕展（河南，航空港综保区）,2026,5G高端智能AI手机精密机构件改造（一期）改建楼层,SPK&RCVR 支架贴膜 | SPK&RCVR 贴气防膜专用机,6,6,自动化专用机
富联裕展（河南，航空港综保区）,2026,5G高端智能AI手机精密机构件改造（一期）改建楼层,Triad ALT 检测 | Triad ALT 检测机,22,22,检测设备
富联裕展（河南，航空港综保区）,2026,5G高端智能AI手机精密机构件改造（一期）改建楼层,TopfireALT | Topfire ALT 检测机,15,7,检测设备
富联裕展（河南，航空港综保区）,2026,5G高端智能AI手机精密机构件改造（一期）改建楼层,MCH ALT | MCH ALT 检测机,18,18,检测设备
富联裕展（河南，航空港综保区）,2026,5G高端智能AI手机精密机构件改造（一期）改建楼层,AXI 检测 | AXI 机,1,1,检测设备
富联裕展（河南，航空港综保区）,2026,5G高端智能AI手机精密机构件改造（一期）改建楼层,FQC-外观检验 | 组装HSGFQC 外观检测机,6,6,检测设备
富联裕展（河南，航空港综保区）,2026,5G高端智能AI手机精密机构件改造（一期）改建楼层,FQC-贴出货膜 | 组装贴出货膜连线专用机,5,5,自动化专用机
富联裕展（河南，航空港综保区）,2026,5G高端智能AI手机精密机构件改造（一期）改建楼层,FQC-贴出货膜 | Rcam CIPP 一体机-新制,2,2,其他工艺设备
富联裕展（河南，航空港综保区）,2026,5G高端智能AI手机精密机构件改造（一期）改建楼层,FQC-贴出货膜 | Rcam CIPP 一体机-改造,3,3,其他工艺设备
富联裕展（河南，航空港综保区）,2026,5G高端智能AI手机精密机构件改造（一期）改建楼层,FQC-贴出货膜 | Rcam CIPP 一体机-新制,3,3,其他工艺设备
富联裕展（河南，航空港综保区）,2026,5G高端智能AI手机精密机构件改造（一期）改建楼层,FQC-贴出货膜 | Rcam CIPP 一体机-改造,1,1,其他工艺设备
富联裕展（河南，航空港综保区）,2026,5G高端智能AI手机精密机构件改造（一期）改建楼层,A 基准 Thin PU | 世宗点胶机,18,18,其他工艺设备
富联裕展（河南，航空港综保区）,2026,5G高端智能AI手机精密机构件改造（一期）改建楼层,Thin PU 后清胶补胶 | 世宗点胶机,1,1,其他工艺设备
富联裕展（河南，航空港综保区）,2026,5G高端智能AI手机精密机构件改造（一期）改建楼层,APU | 世宗点胶机,129,129,其他工艺设备
富联裕展（河南，航空港综保区）,2026,5G高端智能AI手机精密机构件改造（一期）改建楼层,PU1 夹 | 世宗点胶机,67,67,其他工艺设备
富联裕展（河南，航空港综保区）,2026,5G高端智能AI手机精密机构件改造（一期）改建楼层,预烤 | 立式烤箱,4,4,其他工艺设备
富联裕展（河南，航空港综保区）,2026,5G高端智能AI手机精密机构件改造（一期）改建楼层,PU2 夹（CG+BG 面点胶） | 世宗点胶机,7,58,其他工艺设备
富联裕展（河南，航空港综保区）,2026,5G高端智能AI手机精密机构件改造（一期）改建楼层,PU3 夹 | 世宗点胶机,30,30,其他工艺设备
富联裕展（河南，航空港综保区）,2026,5G高端智能AI手机精密机构件改造（一期）改建楼层,预烤 2 | 立式烤箱,4,4,其他工艺设备
富联裕展（河南，航空港综保区）,2026,5G高端智能AI手机精密机构件改造（一期）改建楼层,高温加烤 | 立式烤箱,7,7,其他工艺设备
富联裕展（河南，航空港综保区）,2026,5G高端智能AI手机精密机构件改造（一期）改建楼层,De-PU（Top fire） | CO2 打标机,92,92,其他工艺设备
富联裕展（河南，航空港综保区）,2026,5G高端智能AI手机精密机构件改造（一期）改建楼层,UVPU 机台检测 | UVPU(EMD 改造),3,3,检测设备
富联裕展（河南，航空港综保区）,2026,5G高端智能AI手机精密机构件改造（一期）改建楼层,ALT 检测 2 | Band ALT 检测机,1,1,检测设备
富联裕展（河南，航空港综保区）,2026,5G高端智能AI手机精密机构件改造（一期）改建楼层,ALT 检测 3 | TF ALT 检测机,1,1,检测设备
富联裕展（河南，航空港综保区）,2026,5G高端智能AI手机精密机构件改造（一期）改建楼层,HSG 四周贴膜 2 | HSG 侧面贴膜专用机（1 出1）,1,1,自动化专用机
富联裕展（河南，航空港综保区）,2026,5G高端智能AI手机精密机构件改造（一期）改建楼层,HSG 四周贴膜 2 | ,17,18,其他工艺设备
富联裕展（河南，航空港综保区）,2026,5G高端智能AI手机精密机构件改造（一期）改建楼层,HSG 四周贴膜 2 | CGSnap 锁螺丝全自动专用机,2,2,自动化专用机
富联裕展（河南，航空港综保区）,2026,5G高端智能AI手机精密机构件改造（一期）改建楼层,HSG 四周贴膜 2 | ,3,3,其他工艺设备
富联裕展（河南，航空港综保区）,2026,5G高端智能AI手机精密机构件改造（一期）改建楼层,SPK&RCVR 组立 | SPK&RCVR 组立自动化,8,8,自动化专用机
富联裕展（河南，航空港综保区）,2026,5G高端智能AI手机精密机构件改造（一期）改建楼层,SPK&RCVR 组立 | 8M 双层隧道烤炉,2,2,其他工艺设备
富联裕展（河南，航空港综保区）,2026,5G高端智能AI手机精密机构件改造（一期）改建楼层,SPK&RCVR 组立 | peridottoHSG 组立-世宗,10,10,其他工艺设备
富联裕展（河南，航空港综保区）,2026,5G高端智能AI手机精密机构件改造（一期）改建楼层,组装撕膜(侧面膜+plateau 膜) | 撕侧面膜专用机,13,13,自动化专用机
富联裕展（河南，航空港综保区）,2026,5G高端智能AI手机精密机构件改造（一期）改建楼层,阳极贴撕膜检测（深色） | 外侧贴膜专用机,10,9,检测设备
富联裕展（河南，航空港综保区）,2026,5G高端智能AI手机精密机构件改造（一期）改建楼层,阳极贴撕膜检测（深色） | 阳极凸台贴撕膜检测（深色） Plateau 贴膜专用机,6,4,检测设备
富联裕展（河南，航空港综保区）,2026,5G高端智能AI手机精密机构件改造（一期）改建楼层,阳极贴撕膜检测（深色） | 阳极后外观检测机,6,5,检测设备
富联裕展（河南，航空港综保区）,2026,5G高端智能AI手机精密机构件改造（一期）改建楼层,阳极贴撕膜检测（深色） | 阳极后内腔结构检测机,6,1,检测设备
富联裕展（河南，航空港综保区）,2026,5G高端智能AI手机精密机构件改造（一期）改建楼层,喷射 | ABB 打砂机,0,6,机器人/机械手
富联裕展（河南，航空港综保区）,2026,5G高端智能AI手机精密机构件改造（一期）改建楼层,打磨重工/启元重工 | 五工位,0,7,其他工艺设备
富联裕展（河南，航空港综保区）,2026,5G高端智能AI手机精密机构件改造（一期）改建楼层,CNC | Fanuc+四轴,404,399,CNC/数控机床
富联裕展（河南，航空港综保区）,2026,5G高端智能AI手机精密机构件改造（一期）改建楼层,侧面贴膜 | 四周贴膜专用机（1 出 2）,0,7,自动化专用机
富联裕展（河南，航空港综保区）,2026,5G高端智能AI手机精密机构件改造（一期）改建楼层,火山口贴膜 | Plateau&BG 面贴膜专用机,0,4,自动化专用机
富联裕展（河南，航空港综保区）,2026,5G高端智能AI手机精密机构件改造（一期）改建楼层,火山口贴膜 | 平面度检测机-自动化,0,4,检测设备
富联裕展（河南，航空港综保区）,2026,5G高端智能AI手机精密机构件改造（一期）改建楼层,火山口贴膜 | 平面度检测机-单机,6,3,检测设备
富联裕展（河南，航空港综保区）,2026,5G高端智能AI手机精密机构件改造（一期）改建楼层,C 中板整形（BG） | 中板整形专用机,6,6,自动化专用机
富联裕展（河南，航空港综保区）,2026,5G高端智能AI手机精密机构件改造（一期）改建楼层,C 中板整形（BG） | 四周贴膜专用机（1 出 1）,0,2,自动化专用机
富联裕展（河南，航空港综保区）,2026,5G高端智能AI手机精密机构件改造（一期）改建楼层,C 中板整形（BG） | 四周贴膜专用机（1 出 2）,0,2,自动化专用机
富联裕展（河南，航空港综保区）,2026,5G高端智能AI手机精密机构件改造（一期）改建楼层,Plateau 贴膜 | Plateau 贴膜专用机,0,2,自动化专用机
富联裕展（河南，航空港综保区）,2026,5G高端智能AI手机精密机构件改造（一期）改建楼层,撕膜 | 撕膜专用机,0,5,自动化专用机
富联裕展（河南，航空港综保区）,2026,5G高端智能AI手机精密机构件改造（一期）改建楼层,CNC | Fanuc+四轴,408,447,CNC/数控机床
富联裕展（河南，航空港综保区）,2026,5G高端智能AI手机精密机构件改造（一期）改建楼层,上 U 件焊接-大族 | 深熔焊:,10,25,其他工艺设备
富联裕展（河南，航空港综保区）,2026,5G高端智能AI手机精密机构件改造（一期）改建楼层,铆接 | 螺母铆压机-专堂自动,17,17,自动化专用机
富联裕展（河南，航空港综保区）,2026,5G高端智能AI手机精密机构件改造（一期）改建楼层,铆接后检测 | Rivet 后螺母断差检测机,2,3,检测设备
富联裕展（河南，航空港综保区）,2026,5G高端智能AI手机精密机构件改造（一期）改建楼层,铆接后检测 | 上U件焊接面De-OL(CG侧),3,3,检测设备
富联裕展（河南，航空港综保区）,2026,5G高端智能AI手机精密机构件改造（一期）改建楼层,CNC | FANUC+四轴/FANUC,316,329,CNC/数控机床
富联裕展（河南，航空港综保区）,2026,5G高端智能AI手机精密机构件改造（一期）改建楼层,CNC | 四槽超声波清洗机,2,2,CNC/数控机床
富联裕展（河南，航空港综保区）,2026,5G高端智能AI手机精密机构件改造（一期）改建楼层,清 CNC 后清洗 | 卧式隧道清洗机-16M,2,2,CNC/数控机床
富联裕展（河南，航空港综保区）,2026,5G高端智能AI手机精密机构件改造（一期）改建楼层,清 CNC 后清洗 | 单臂式清洗机,1,1,CNC/数控机床
富联裕展（河南，航空港综保区）,2026,5G高端智能AI手机精密机构件改造（一期）改建楼层,CNC 后去毛刺（U 件） | 激光去毛刺专用机,8,17,CNC/数控机床
富联裕展（河南，航空港综保区）,2026,5G高端智能AI手机精密机构件改造（一期）改建楼层,真空清洗 | 碳氢真空清洗机,4,2,其他工艺设备
富联裕展（河南，航空港综保区）,2026,5G高端智能AI手机精密机构件改造（一期）改建楼层,喷砂 | 喷砂机：BT-SJ-1411-18,4,1,其他工艺设备
富联裕展（河南，航空港综保区）,2026,5G高端智能AI手机精密机构件改造（一期）改建楼层,喷砂 | 超声波清洗机（四槽）,1,1,其他工艺设备
富联裕展（河南，航空港综保区）,2026,5G高端智能AI手机精密机构件改造（一期）改建楼层,喷砂 | 隧道式清洗机-16M,1,1,其他工艺设备
富联裕展（河南，航空港综保区）,2026,5G高端智能AI手机精密机构件改造（一期）改建楼层,CNC | FANUC+四轴/FANUC,462,462,CNC/数控机床
富联裕展（河南，航空港综保区）,2026,5G高端智能AI手机精密机构件改造（一期）改建楼层,CNC | 四槽超声波清洗机,3,3,CNC/数控机床
富联裕展（河南，航空港综保区）,2026,5G高端智能AI手机精密机构件改造（一期）改建楼层,CNC 后清洗 | 卧式隧道清洗机-16M,3,3,CNC/数控机床
富联裕展（河南，航空港综保区）,2026,5G高端智能AI手机精密机构件改造（一期）改建楼层,CNC 后清洗 | 单臂式清洗机,1,1,CNC/数控机床
富联裕展（河南，航空港综保区）,2026,5G高端智能AI手机精密机构件改造（一期）改建楼层,安全码打标 | 打标机：YNS-X200&C5&C5E,10,10,其他工艺设备
富联裕展（河南，航空港综保区）,2026,5G高端智能AI手机精密机构件改造（一期）改建楼层,安全码打标 | 激光去毛刺专用机,26,30,自动化专用机
富联裕展（河南，航空港综保区）,2026,5G高端智能AI手机精密机构件改造（一期）改建楼层,结构内观检验 | 毛刺内观检测机,3,4,检测设备
富联裕展（河南，航空港综保区）,2026,5G高端智能AI手机精密机构件改造（一期）改建楼层,成型 0(K 方案) | 成型机,13,14,其他工艺设备
富联裕展（河南，航空港综保区）,2026,5G高端智能AI手机精密机构件改造（一期）改建楼层,成型 1 | 成型机,16,24,其他工艺设备
富联裕展（河南，航空港综保区）,2026,5G高端智能AI手机精密机构件改造（一期）改建楼层,IM 检验 | 253IM Band ALT 检测机,2,2,检测设备
富联裕展（河南，航空港综保区）,2026,5G高端智能AI手机精密机构件改造（一期）改建楼层,4 码绑定 | 原材料 4 码绑定专用机,10,10,自动化专用机
富联裕展（河南，航空港综保区）,2026,5G高端智能AI手机精密机构件改造（一期）改建楼层,4 码绑定 | 半自动整形专用机（铆压机）,2,2,自动化专用机
富联裕展（河南，航空港综保区）,2026,5G高端智能AI手机精密机构件改造（一期）改建楼层,4 码绑定 | ,2,2,其他工艺设备
富联裕展（河南，航空港综保区）,2026,5G高端智能AI手机精密机构件改造（一期）改建楼层,4 码绑定 | 立式百塑成型机：V3-2R-120T,2,2,其他工艺设备
富联裕展（河南，航空港综保区）,2026,5G高端智能AI手机精密机构件改造（一期）改建楼层,4 码绑定 | 成型 I 后去料带,1,1,其他工艺设备
富联裕展（河南，航空港综保区）,2026,5G高端智能AI手机精密机构件改造（一期）改建楼层,IM1 后安全码打标 | 打标机:YNS-X200,1,1,其他工艺设备
富联裕展（河南，航空港综保区）,2026,5G高端智能AI手机精密机构件改造（一期）改建楼层,IM1 后安全码打标 | 激光焊接 IO 小件,1,1,其他工艺设备
富联裕展（河南，航空港综保区）,2026,5G高端智能AI手机精密机构件改造（一期）改建楼层,单射 IM | 成型机：V3-2R-120T,1,1,其他工艺设备
富联裕展（河南，航空港综保区）,2026,5G高端智能AI手机精密机构件改造（一期）改建楼层,IM 检包线 | CO2 打标机：HN-COH80U,1,1,其他工艺设备
富联裕展（河南，航空港综保区）,2026,5G高端智能AI手机精密机构件改造（一期）改建楼层,IM 检包线 | 成型后 CO2 去溢胶打标 CO2 打标机：HN-COH80UT,1,1,其他工艺设备
富联裕展（河南，航空港综保区）,2026,5G高端智能AI手机精密机构件改造（一期）改建楼层,IM 检包线 | 安全码打标（IM 后） 打标机：SUM-20T/YNS-X200,1,1,其他工艺设备
