厂区,年月,COD,NH3-N,Particulates,VOCs,flag
富联精密电子（郑州）,2020-01,0.0,0.0,0.0,0.0,VOCs=0_likely_not_reported（2020-2022，非真实零排放）
富联精密电子（郑州）,2020-02,0.0,0.0,0.0,0.0,VOCs=0_likely_not_reported（2020-2022，非真实零排放）
富联精密电子（郑州）,2020-03,0.0,0.0,0.0,0.0,VOCs=0_likely_not_reported（2020-2022，非真实零排放）
富联精密电子（郑州）,2020-04,0.0,0.0,0.0,0.0,VOCs=0_likely_not_reported（2020-2022，非真实零排放）
富联精密电子（郑州）,2020-05,0.0,0.0,0.0,0.0,VOCs=0_likely_not_reported（2020-2022，非真实零排放）
富联精密电子（郑州）,2020-06,0.0,0.0,0.0,0.0,VOCs=0_likely_not_reported（2020-2022，非真实零排放）
富联精密电子（郑州）,2020-07,0.0,0.0,0.0,0.0,VOCs=0_likely_not_reported（2020-2022，非真实零排放）
富联精密电子（郑州）,2020-08,0.0,0.0,0.0,0.0,VOCs=0_likely_not_reported（2020-2022，非真实零排放）
富联精密电子（郑州）,2020-09,5.75,0.164,2.17,0.0,VOCs=0_likely_not_reported（2020-2022，非真实零排放）
富联精密电子（郑州）,2020-10,8.317,0.218,2.17,0.0,VOCs=0_likely_not_reported（2020-2022，非真实零排放）
富联精密电子（郑州）,2020-11,6.31,0.12,2.17,0.0,VOCs=0_likely_not_reported（2020-2022，非真实零排放）
富联精密电子（郑州）,2020-12,5.67,0.187,2.17,0.0,VOCs=0_likely_not_reported（2020-2022，非真实零排放）
富联精密电子（郑州）,2021-01,6.69,0.07,2.17,0.0,VOCs=0_likely_not_reported（2020-2022，非真实零排放）
富联精密电子（郑州）,2021-02,3.3,0.05,2.17,0.0,VOCs=0_likely_not_reported（2020-2022，非真实零排放）
富联精密电子（郑州）,2021-03,2.91,0.06,2.17,0.0,VOCs=0_likely_not_reported（2020-2022，非真实零排放）
富联精密电子（郑州）,2021-04,3.82,0.03,2.17,0.0,VOCs=0_likely_not_reported（2020-2022，非真实零排放）
富联精密电子（郑州）,2021-05,3.19,0.05,2.17,0.0,VOCs=0_likely_not_reported（2020-2022，非真实零排放）
富联精密电子（郑州）,2021-06,3.132,0.0,0.61,0.0,VOCs=0_likely_not_reported（2020-2022，非真实零排放）
富联精密电子（郑州）,2021-07,2.986,0.032,0.53,0.0,VOCs=0_likely_not_reported（2020-2022，非真实零排放）
富联精密电子（郑州）,2021-08,4.022,0.045,0.61,0.0,VOCs=0_likely_not_reported（2020-2022，非真实零排放）
富联精密电子（郑州）,2021-09,4.18,0.055,0.59,0.0,VOCs=0_likely_not_reported（2020-2022，非真实零排放）
富联精密电子（郑州）,2021-10,7.72,0.492,0.56,0.0,VOCs=0_likely_not_reported（2020-2022，非真实零排放）
富联精密电子（郑州）,2021-11,3.22,0.44,0.59,0.0,VOCs=0_likely_not_reported（2020-2022，非真实零排放）
富联精密电子（郑州）,2021-12,3.92,0.58,0.47,0.0,VOCs=0_likely_not_reported（2020-2022，非真实零排放）
富联精密电子（郑州）,2022-01,2.605,0.569,0.38,0.0,VOCs=0_likely_not_reported（2020-2022，非真实零排放）
富联精密电子（郑州）,2022-02,2.483,0.043,0.32,0.0,VOCs=0_likely_not_reported（2020-2022，非真实零排放）
富联精密电子（郑州）,2022-03,4.09,0.199,0.47,0.0,VOCs=0_likely_not_reported（2020-2022，非真实零排放）
富联精密电子（郑州）,2022-04,3.3,0.155,0.46,0.0,VOCs=0_likely_not_reported（2020-2022，非真实零排放）
富联精密电子（郑州）,2022-05,4.31,0.25,0.47,0.0,VOCs=0_likely_not_reported（2020-2022，非真实零排放）
富联精密电子（郑州）,2022-06,5.8,0.034,0.69,0.0,VOCs=0_likely_not_reported（2020-2022，非真实零排放）
富联精密电子（郑州）,2022-07,6.279,0.044,0.5,0.0,VOCs=0_likely_not_reported（2020-2022，非真实零排放）
富联精密电子（郑州）,2022-08,5.846,0.108,0.72,0.0,VOCs=0_likely_not_reported（2020-2022，非真实零排放）
富联精密电子（郑州）,2022-09,4.908,0.051,0.69,0.0,VOCs=0_likely_not_reported（2020-2022，非真实零排放）
富联精密电子（郑州）,2022-10,8.8,0.022,0.65,0.0,VOCs=0_likely_not_reported（2020-2022，非真实零排放）
富联精密电子（郑州）,2022-11,4.06,0.017,0.53,0.0,VOCs=0_likely_not_reported（2020-2022，非真实零排放）
富联精密电子（郑州）,2022-12,7.079,0.214,0.72,0.0,VOCs=0_likely_not_reported（2020-2022，非真实零排放）
富联精密电子（郑州）,2023-01,5.305,0.02,1.42,0.0,
富联精密电子（郑州）,2023-02,5.57,0.045,1.38,0.0,
富联精密电子（郑州）,2023-03,4.61,0.094,1.42,0.14,
富联精密电子（郑州）,2023-04,3.641,0.052,1.38,0.13,
富联精密电子（郑州）,2023-05,3.872,0.058,1.39,0.14,
富联精密电子（郑州）,2023-06,2.859,0.076,1.38,0.13,
富联精密电子（郑州）,2023-07,5.833,0.036,1.62,3.26,
富联精密电子（郑州）,2023-08,7.4,0.126,1.62,3.26,
富联精密电子（郑州）,2023-09,8.016,0.099,1.62,3.26,
富联精密电子（郑州）,2023-10,8.128,0.097,1.46,2.94,
富联精密电子（郑州）,2023-11,6.982,0.066,1.57,3.15,
富联精密电子（郑州）,2023-12,6.123,0.064,1.62,3.26,
富联精密电子（郑州）,2024-01,5.031,0.118,0.51,3.48,
富联精密电子（郑州）,2024-02,3.049,0.06,0.48,3.25,
富联精密电子（郑州）,2024-03,4.025,0.157,0.51,3.48,
富联精密电子（郑州）,2024-04,4.74,0.13,0.5,0.44,
富联精密电子（郑州）,2024-05,3.578,0.149,1.37,0.46,
富联精密电子（郑州）,2024-06,4.202,0.157,0.5,0.44,
富联精密电子（郑州）,2024-07,8.352,0.251,0.51,,
富联精密电子（郑州）,2024-08,11.913,0.149,0.51,0.46,
富联精密电子（郑州）,2024-09,9.8,0.123,0.5,0.44,
富联精密电子（郑州）,2024-10,5.804,0.128,0.46,0.42,
富联精密电子（郑州）,2024-11,8.93,0.149,0.5,0.44,
富联精密电子（郑州）,2024-12,11.417,0.139,0.51,0.46,
富联精密电子（郑州）,2025-01,4.96,0.326,0.31,0.37,
富联精密电子（郑州）,2025-02,4.77,0.061,0.29,0.34,
富联精密电子（郑州）,2025-03,5.74,0.066,0.31,0.37,
富联精密电子（郑州）,2025-04,1.905,0.052,0.31,0.35,
富联精密电子（郑州）,2025-05,1.498,0.009,0.29,0.37,
富联精密电子（郑州）,2025-06,0.981,0.067,0.31,0.35,
富联精密电子（郑州）,2025-07,1.244,0.013,0.31,0.37,
富联精密电子（郑州）,2025-08,1.9,0.03,0.31,0.37,
富联精密电子（郑州）,2025-09,2.029,0.01,0.3,0.35,
富联精密电子（郑州）,2025-10,1.243,0.004,0.28,0.0,
富联精密电子（郑州）,2025-11,0.873,0.014,0.3,0.0,
富联精密电子（郑州）,2025-12,1.015,0.007,0.31,0.0,
鸿富锦精密电子（郑州）,2020-01,9.8,2.0,,5.1,
鸿富锦精密电子（郑州）,2020-02,0.0,0.0,,1.1,
鸿富锦精密电子（郑州）,2020-03,14.2,2.9,,2.9,
鸿富锦精密电子（郑州）,2020-04,11.6,2.4,,2.1,
鸿富锦精密电子（郑州）,2020-05,9.2,1.9,,4.9,
鸿富锦精密电子（郑州）,2020-06,11.2,2.3,,5.3,
鸿富锦精密电子（郑州）,2020-07,10.4,2.2,,5.9,
鸿富锦精密电子（郑州）,2020-08,12.2,2.5,,5.1,
鸿富锦精密电子（郑州）,2020-09,15.0,3.1,,5.8,
鸿富锦精密电子（郑州）,2020-10,18.9,3.9,0.0,5.4,
鸿富锦精密电子（郑州）,2020-11,20.9,4.3,0.0,6.5,
鸿富锦精密电子（郑州）,2020-12,17.0,3.5,0.0,7.3,
鸿富锦精密电子（郑州）,2021-01,6.373,0.026,0.0,6.6,
鸿富锦精密电子（郑州）,2021-02,4.748,0.02,0.0,5.8,
鸿富锦精密电子（郑州）,2021-03,3.418,0.014,0.0,7.4,
鸿富锦精密电子（郑州）,2021-04,7.14,0.03,0.0,6.5,
鸿富锦精密电子（郑州）,2021-05,5.647,0.023,0.0,6.4,
鸿富锦精密电子（郑州）,2021-06,4.518,0.019,0.0,5.6,
鸿富锦精密电子（郑州）,2021-07,4.97,0.021,0.0,6.2,
鸿富锦精密电子（郑州）,2021-08,5.557,0.023,0.0,7.0,
鸿富锦精密电子（郑州）,2021-09,6.001,0.025,0.0,7.2,
鸿富锦精密电子（郑州）,2021-10,4.201,0.017,0.0,7.0,
鸿富锦精密电子（郑州）,2021-11,5.293,0.022,0.0,7.4,
鸿富锦精密电子（郑州）,2021-12,5.747,0.024,0.0,7.7,
鸿富锦精密电子（郑州）,2022-01,29.515,2.607,0.0,2.44,
鸿富锦精密电子（郑州）,2022-02,26.938,2.363,0.0,2.23,
鸿富锦精密电子（郑州）,2022-03,27.513,2.399,0.0,2.91,
鸿富锦精密电子（郑州）,2022-04,18.73,1.62,,2.7,
鸿富锦精密电子（郑州）,2022-05,14.75,1.26,,2.7,
鸿富锦精密电子（郑州）,2022-06,20.84,1.8,,2.6,
鸿富锦精密电子（郑州）,2022-07,20.101,1.743,0.0,2.51,
鸿富锦精密电子（郑州）,2022-08,26.072,2.289,0.0,2.97,
鸿富锦精密电子（郑州）,2022-09,32.005,2.777,0.0,2.75,
鸿富锦精密电子（郑州）,2022-10,26.425,2.28,0.0,1.7,
鸿富锦精密电子（郑州）,2022-11,16.182,1.408,0.0,0.7,
鸿富锦精密电子（郑州）,2022-12,26.577,2.258,0.0,2.61,
鸿富锦精密电子（郑州）,2023-01,12.853,3.368,0.0,1.43,
鸿富锦精密电子（郑州）,2023-02,13.502,3.484,0.0,1.08,
鸿富锦精密电子（郑州）,2023-03,7.721,1.972,0.0,1.3,
鸿富锦精密电子（郑州）,2023-04,9.6,2.13,,1.16,
鸿富锦精密电子（郑州）,2023-05,8.98,1.99,,1.47,
鸿富锦精密电子（郑州）,2023-06,11.75,2.61,,1.65,
鸿富锦精密电子（郑州）,2023-07,20.51,2.54,,2.57,
鸿富锦精密电子（郑州）,2023-08,25.05,3.08,,2.67,
鸿富锦精密电子（郑州）,2023-09,25.05,3.06,,2.26,
鸿富锦精密电子（郑州）,2023-10,13.77,1.84,0.0,2.19,
鸿富锦精密电子（郑州）,2023-11,16.15,2.16,0.0,2.33,
鸿富锦精密电子（郑州）,2023-12,15.11,2.01,0.0,2.32,
鸿富锦精密电子（郑州）,2024-01,20.8,1.5,,4.06,
鸿富锦精密电子（郑州）,2024-02,17.63,1.3,,2.86,
鸿富锦精密电子（郑州）,2024-03,13.86,1.03,,3.75,
鸿富锦精密电子（郑州）,2024-04,13.66,2.09,,0.765587,
鸿富锦精密电子（郑州）,2024-05,16.38,2.51,,0.873854,
鸿富锦精密电子（郑州）,2024-06,18.5,2.83,,0.763651,
鸿富锦精密电子（郑州）,2024-07,27.77,4.95,,1.490255,
鸿富锦精密电子（郑州）,2024-08,38.93,7.08,,1.581301,
鸿富锦精密电子（郑州）,2024-09,152.58,22.89,,1.565765,COD_outlier(>3x_7mo_rolling_median)
鸿富锦精密电子（郑州）,2024-10,46.57,4.72,,1.297071,
鸿富锦精密电子（郑州）,2024-11,40.27,4.08,,1.24878,
鸿富锦精密电子（郑州）,2024-12,39.52,4.0,,1.231079,
鸿富锦精密电子（郑州）,2025-01,51.32,12.49,0.0,1.606371,
鸿富锦精密电子（郑州）,2025-02,44.41,10.46,0.0,1.657348,
鸿富锦精密电子（郑州）,2025-03,43.17,10.61,0.0,1.829173,
鸿富锦精密电子（郑州）,2025-04,34.928,6.75,0.0,2.04382411,
鸿富锦精密电子（郑州）,2025-05,30.274,5.821,0.0,2.05260023,
鸿富锦精密电子（郑州）,2025-06,38.024,7.334,0.0,2.14752584,
鸿富锦精密电子（郑州）,2025-07,34.003,6.173,0.0,1.689525,
鸿富锦精密电子（郑州）,2025-08,37.465,6.801,0.0,1.7046,
鸿富锦精密电子（郑州）,2025-09,39.73,7.212,0.0,1.74725,
鸿富锦精密电子（郑州）,2025-10,42.784,8.028,0.0,1.943,
鸿富锦精密电子（郑州）,2025-11,45.15,8.641,0.0,1.876,
鸿富锦精密电子（郑州）,2025-12,43.964,8.427,0.0,1.845,
