厂区,类别,污染物,单位,年份,排放量_t,参保人数,排放量_kg每人,设计定员,排放量_kg每设计定员
富联精密电子（郑州）,废气-全厂合计,VOCs,吨,2020,0.0,13403,0.0,23000.0,0.0
富联精密电子（郑州）,废水-全厂合计,化学需氧量,吨,2020,26.047,13403,1.943370887114825,23000.0,1.1324782608695652
鸿富锦精密电子（郑州）,废气-全厂合计,VOCs,吨,2020,57.4,65255,0.8796260822925447,,
鸿富锦精密电子（郑州）,废水-全厂合计,化学需氧量,吨,2020,150.4,65255,2.304804229560953,,
富联精密电子（郑州）,废气-全厂合计,VOCs,吨,2021,0.0,11525,0.0,23000.0,0.0
富联精密电子（郑州）,废水-全厂合计,化学需氧量,吨,2021,49.09,11525,4.25943600867679,23000.0,2.1343478260869566
鸿富锦精密电子（郑州）,废气-全厂合计,VOCs,吨,2021,80.8,40525,1.9938309685379396,,
鸿富锦精密电子（郑州）,废水-全厂合计,化学需氧量,吨,2021,63.613,40525,1.5697223935842073,,
富联精密电子（郑州）,废气-全厂合计,VOCs,吨,2022,0.0,11173,0.0,23000.0,0.0
富联精密电子（郑州）,废水-全厂合计,化学需氧量,吨,2022,59.56,11173,5.330707956681286,23000.0,2.5895652173913044
鸿富锦精密电子（郑州）,废气-全厂合计,VOCs,吨,2022,28.82,39463,0.7303043357068647,,
鸿富锦精密电子（郑州）,废水-全厂合计,化学需氧量,吨,2022,285.648,39463,7.238375186883917,,
富联精密电子（郑州）,废气-全厂合计,VOCs,吨,2023,19.67,11765,1.6719082022949425,23000.0,0.8552173913043478
富联精密电子（郑州）,废水-全厂合计,化学需氧量,吨,2023,68.339,11765,5.808669783255419,23000.0,2.971260869565217
鸿富锦精密电子（郑州）,废气-全厂合计,VOCs,吨,2023,22.43,39222,0.5718729284585182,,
鸿富锦精密电子（郑州）,废水-全厂合计,化学需氧量,吨,2023,180.046,39222,4.590433940135638,,
富联精密电子（郑州）,废气-全厂合计,VOCs,吨,2024,13.77,10437,1.3193446392641563,23000.0,0.5986956521739131
富联精密电子（郑州）,废水-全厂合计,化学需氧量,吨,2024,80.841,10437,7.745616556481748,23000.0,3.5148260869565218
鸿富锦精密电子（郑州）,废气-全厂合计,VOCs,吨,2024,21.487343,33530,0.6408393379063525,,
鸿富锦精密电子（郑州）,废水-全厂合计,化学需氧量,吨,2024,446.47,33530,13.315538323889054,,
富联精密电子（郑州）,废气-全厂合计,VOCs,吨,2025,3.24,8617,0.37600092839735405,23000.0,0.1408695652173913
富联精密电子（郑州）,废水-全厂合计,化学需氧量,吨,2025,28.158,8617,3.267726586979227,23000.0,1.2242608695652173
鸿富锦精密电子（郑州）,废气-全厂合计,VOCs,吨,2025,22.14221718,33498,0.661001169622067,,
鸿富锦精密电子（郑州）,废水-全厂合计,化学需氧量,吨,2025,485.222,33498,14.485103588273926,,
