厂区,介质,污染物,许可排放量（吨/年）,2025年合计,Q1,Q2,Q3,Q4,单位/备注,flag
鸿富锦（航空港）,废气（全厂）,NOx,8.229232,1.676266,0.717266,0.06,0.21,0.689,吨,
鸿富锦（航空港）,废气（全厂）,SO2,,0.09793,0.04817,0.0057,0.00806,0.036,吨,
鸿富锦（航空港）,废气（全厂）,颗粒物,,0.0,0.0,0.0,0.0,0.0,吨,
鸿富锦（航空港）,废气（全厂）,VOCs,,22.14222,5.092892,6.24395,5.141375,5.664,吨；年度合计截断显示为22.1422171…,许可排放量单元格在原始报告中疑似错位/缺失（研究问题文档已指出）；22.14t是2025年实际合计，不是许可限值，此表许可排放量列按原样留空，不做臆测填充。
鸿富锦（航空港）,废水（全厂间接排放）,悬浮物,,162.449,67.13,22.686,21.528,51.105,吨,
鸿富锦（航空港）,废水（全厂间接排放）,BOD5,,194.832,42.31,30.901,76.092,45.529,吨,
鸿富锦（航空港）,废水（全厂间接排放）,COD,,485.222,138.9,103.226,111.198,131.898,吨,
鸿富锦（航空港）,废水（全厂间接排放）,氨氮,,98.747,33.56,19.905,20.186,25.096,吨,
鸿富锦（航空港）,废水（全厂间接排放）,总磷,,10.109,2.95,2.514,2.045,2.6,吨,
鸿富锦（航空港）,废水（全厂间接排放）,动植物油,,0.0,0.0,0.0,0.0,0.0,吨,
鸿富锦（航空港）,废水（全厂间接排放）,溶解性总固体,,1278.809,307.59,299.368,312.064,359.787,吨,
鸿富锦（航空港）,废水,pH（均值）,,7.525,7.6,7.8,7.0,7.7,无量纲,
富联精密（经开区）,废气（一般排放口）,臭气浓度,,1176.0,294.0,294.0,294.0,294.0,无量纲,
富联精密（经开区）,废气（一般排放口）,氨,,1.544,0.428,0.376,0.38,0.36,吨,
富联精密（经开区）,废气（一般排放口）,硫化氢,,0.093,0.03,0.03,0.03,0.003,吨,
富联精密（经开区）,废气（一般排放口）,硫酸雾,,5.52,1.76,1.22,0.92,1.62,吨,
富联精密（经开区）,废气（一般排放口）,硝酸雾,,0.0,0.0,0.0,0.0,0.0,吨,
富联精密（经开区）,废气（一般排放口）,油雾,,8.24,3.56,1.57,1.58,1.53,吨,
富联精密（经开区）,废气（一般排放口）,非甲烷总烃,,3.62,1.08,1.08,1.09,0.37,吨,
富联精密（经开区）,废气（全厂）,NOx,,0.0,0.0,0.0,0.0,0.0,吨,
富联精密（经开区）,废气（全厂）,SO2,,0.0,0.0,0.0,0.0,0.0,吨,
富联精密（经开区）,废气（全厂）,颗粒物,,3.63,0.91,0.91,0.92,0.89,吨,
富联精密（经开区）,废气（全厂）,VOCs,,3.24,1.08,1.07,1.09,0.0,吨,
富联精密（经开区）,废水（DW001生产废水，间接排放）,COD,82.38,28.158,15.47,4.384,5.173,3.131,吨,
富联精密（经开区）,废水（DW001）,氨氮,1.73,0.659,0.453,0.128,0.053,0.025,吨,
富联精密（经开区）,废水（DW001）,总氮,,27.06,2.105,3.586,8.81,12.559,吨,
富联精密（经开区）,废水（DW001）,总磷,,0.527,0.409,0.023,0.05,0.045,吨,
富联精密（经开区）,废水（DW001）,悬浮物,,12.23,2.85,4.16,2.97,2.25,吨,
富联精密（经开区）,废水（DW001）,BOD5,,4.33,1.03,0.8,1.18,1.32,吨,
富联精密（经开区）,废水（DW001）,石油类,,0.12,0.01,0.0,0.06,0.05,吨,
富联精密（经开区）,废水（DW001）,总铝,,0.13,0.01,0.03,0.05,0.04,吨,
富联精密（经开区）,废水（DW001）,阴离子表面活性剂,,0.0,0.0,0.0,0.0,0.0,吨,
富联精密（经开区）,废水（DW001）,流量,,1368911.0,378253.0,268914.0,381068.0,340676.0,表头单位为吨，推测为 m³（约137万吨废水）,
来源：全国排污许可证管理信息平台 → 企业许可信息页 → 执行报告 → 2025年年报表（鸿富锦报告日期2026-01-14；富联精密2026-01-23）。,,,,,,,,,,
两家厂区2025年“超标排放信息”“污染治理设施异常运转”均为“暂无数据”；平台“监督执法信息”一栏也为空。,,,,,,,,,,
富联精密许可证列了总镍、总铬、总铜，但年报实际排放表里没有这几项，可能在车间排放口单独监测，需看自行监测数据核实。,,,,,,,,,,
数据是逐屏读取报告图片后手工录入，引用前请与原报告核对。平台上还有2020年起的历年年报、季报和月报，可用同样方法获取做面板。,,,,,,,,,,
